quality_of_education,alumni_employment,quality_of_faculty,publications,influence,citations,patents,score,institution
7,9,1,1,1,1,5,100.0,0
9,17,3,12,4,4,1,91.67,1
17,11,5,4,2,2,15,89.5,2
10,24,4,16,16,11,50,86.17,3
2,29,7,37,22,22,18,85.21,4
8,14,2,53,33,26,101,82.5,5
13,28,9,15,13,19,26,82.34,6
14,31,12,14,6,15,66,79.14,7
23,21,10,13,12,14,5,78.86,8
16,52,6,6,5,3,16,78.55,9
15,26,8,34,20,28,101,73.82,10
21,42,14,22,21,16,10,73.69,11
31,16,24,9,10,8,9,73.64,12
32,19,31,8,19,23,3,69.49,13
34,77,20,11,9,9,7,66.94,14
26,66,11,40,51,44,34,66.69,15
42,38,19,25,36,43,23,65.76,16
4,101,22,101,67,101,29,65.09,17
62,59,23,3,11,6,13,64.05,18
61,101,15,10,8,10,22,63.11,19
1,101,16,101,28,96,101,61.74,20
24,93,13,101,91,101,28,60.76,21
89,75,17,42,24,34,62,60.55,22
101,101,21,19,3,13,33,59.7,23
64,63,33,17,30,21,21,59.66,24
82,101,18,35,71,39,44,59.0,25
65,43,55,20,15,12,20,58.37,26
84,73,35,26,26,29,41,57.53,27
19,101,32,101,43,84,101,56.43,28
101,78,27,41,47,40,57,56.18,29
35,101,45,27,23,33,86,55.21,30
77,101,44,39,44,51,11,54.43,31
101,32,101,24,25,20,35,54.4,32
68,60,101,2,17,7,8,53.72,33
101,101,34,7,14,18,101,53.43,34
101,86,56,31,29,31,29,53.09,35
74,62,101,32,18,30,14,52.9,36
92,101,41,74,52,67,12,52.64,37
101,101,40,5,7,5,101,52.25,38
101,101,28,68,72,36,101,52.15,39
70,91,54,33,39,47,101,51.72,40
95,70,49,61,101,58,19,51.66,41
30,81,26,101,101,61,101,51.6,42
101,101,63,46,48,32,23,51.38,43
79,101,92,23,40,25,32,51.06,44
83,88,48,71,54,56,101,50.68,45
101,101,38,59,57,52,65,50.64,46
48,101,25,73,96,101,101,50.44,47
101,101,85,18,31,17,84,50.3,48
101,101,88,45,42,45,27,50.29,49
45,89,36,101,101,101,51,50.01,50
101,101,83,30,50,35,54,49.54,51
41,54,101,82,68,54,62,49.51,52
3,61,77,101,101,101,101,49.1,53
101,101,96,29,74,42,2,48.8,54
97,101,51,72,101,101,35,48.76,55
28,53,94,101,101,53,101,48.76,56
27,13,101,101,101,101,92,48.5,57
80,72,101,50,35,49,101,48.44,58
71,101,43,64,41,70,101,48.43,59
47,3,101,101,101,101,101,48.33,60
101,101,86,48,34,37,101,48.31,61
54,101,84,36,53,78,101,48.26,62
101,94,101,38,60,27,99,48.15,63
46,101,29,101,93,101,101,47.94,64
49,37,65,101,73,92,101,47.91,65
101,101,93,28,38,48,101,47.74,66
85,101,50,47,55,41,101,47.69,67
101,30,82,101,101,101,74,47.68,68
51,101,42,84,49,95,101,47.61,69
81,101,101,21,32,24,61,47.59,70
101,101,59,80,83,72,85,47.5,71
101,101,46,58,101,80,101,47.31,72
56,101,69,101,101,101,46,46.89,73
101,34,101,44,101,69,4,46.74,74
101,101,75,52,70,63,101,46.38,75
101,101,30,70,101,101,101,46.34,76
33,101,101,96,63,65,101,46.11,77
53,101,101,49,100,67,29,45.82,78
101,101,70,101,101,77,49,45.7,79
101,97,101,54,37,50,46,45.47,80
87,101,52,86,58,100,101,45.33,81
90,101,90,60,45,62,101,45.21,82
101,50,101,76,62,57,86,45.2,83
88,101,76,81,65,101,101,45.13,84
60,41,101,101,95,75,101,44.91,85
101,67,101,79,101,46,40,44.71,86
101,101,80,101,69,99,101,44.51,87
96,101,79,62,64,54,101,44.44,88
52,101,101,91,76,94,101,44.32,89
101,101,39,101,101,101,101,44.26,90
101,101,101,67,90,89,46,44.18,91
101,101,60,85,66,101,101,44.15,92
101,101,101,56,92,85,69,44.13,93
18,15,101,101,101,101,101,43.89,94
101,101,101,95,46,66,100,43.88,95
101,101,87,101,101,101,92,43.79,96
101,101,78,75,81,86,101,43.77,97
100,101,101,65,101,60,101,43.47,98
44,4,101,101,101,101,101,43.36,99
1,1,1,1,1,1,7,100.0,0
11,2,4,6,2,2,11,93.94,2
7,12,10,11,7,13,15,92.54,6
2,16,2,16,3,3,1,91.45,1
3,15,5,9,11,10,39,90.24,3
13,8,9,13,9,11,10,88.21,8
6,28,6,8,6,4,19,85.07,9
4,14,3,58,35,27,101,82.17,5
9,19,8,37,21,30,101,79.16,10
10,25,13,20,12,22,42,78.83,7
5,101,7,38,24,25,17,77.59,4
22,5,25,10,10,9,14,77.24,12
12,23,18,21,19,15,7,76.99,11
17,3,32,14,23,29,5,76.23,13
32,17,14,28,46,58,13,69.46,16
38,35,12,5,15,6,12,67.84,18
23,96,21,4,5,7,2,65.64,14
16,60,11,40,53,55,60,64.99,15
37,31,16,41,25,33,51,63.99,22
33,101,19,15,14,14,22,63.12,19
15,101,15,101,96,101,24,59.98,21
101,101,22,23,4,18,63,59.38,23
31,55,33,19,29,20,30,58.94,24
65,101,20,33,66,34,67,58.33,25
89,42,46,22,17,17,24,57.72,26
101,56,24,46,84,37,20,57.71,29
101,92,35,17,22,19,48,56.75,27
101,21,101,27,26,24,30,56.12,32
91,81,34,2,13,12,101,56.11,34
24,101,49,12,16,21,73,56.0,30
101,101,41,7,8,5,51,55.79,38
35,27,101,3,18,8,6,55.77,33
18,101,23,101,85,101,48,54.34,17
101,101,60,30,27,26,42,52.87,35
77,91,44,55,56,72,17,52.79,31
26,101,26,73,101,101,101,51.72,47
101,101,28,89,91,38,101,51.67,39
95,39,52,71,101,65,36,51.59,41
101,99,56,56,52,36,40,51.56,43
101,13,101,48,101,76,4,51.31,74
82,84,38,75,68,54,101,51.16,45
101,101,42,93,61,85,27,51.14,37
101,101,48,43,58,45,96,51.09,71
101,101,87,18,31,16,67,50.98,48
47,101,45,52,36,63,101,50.98,59
46,101,29,101,28,82,101,50.79,28
54,62,59,34,42,48,101,50.77,40
19,101,84,31,50,78,81,50.58,62
55,101,17,101,34,101,101,50.43,20
101,72,101,29,54,23,67,49.84,63
30,101,27,101,101,74,101,49.56,42
101,101,86,32,55,35,60,49.41,51
60,101,94,26,47,31,90,49.16,44
101,69,88,54,37,41,100,48.96,61
101,101,98,35,92,42,9,48.93,54
52,101,30,101,78,101,101,48.83,64
84,101,54,83,101,101,32,48.72,55
101,101,95,25,39,39,100,48.51,66
79,101,53,49,77,40,101,48.39,67
101,101,47,64,38,62,101,47.98,69
101,101,101,53,40,60,40,47.8,58
101,101,31,76,101,101,101,47.75,76
101,101,101,36,20,32,101,47.72,36
8,101,57,101,101,101,101,47.7,53
101,101,39,69,67,61,101,47.52,46
50,101,36,101,101,101,73,47.45,50
62,101,92,67,49,67,101,47.25,82
101,101,63,42,43,51,101,47.12,92
80,101,101,24,33,28,44,47.08,70
101,6,101,101,101,101,73,47.05,100
101,24,101,88,73,68,63,46.92,83
101,101,76,47,63,57,101,46.85,75
101,101,73,101,101,89,20,46.72,79
101,101,82,59,48,52,101,46.54,87
41,101,101,45,45,44,101,46.53,101
63,80,101,101,86,66,51,46.44,52
59,52,67,101,89,96,101,46.43,65
101,101,90,60,57,49,101,46.39,49
73,101,55,82,59,100,101,46.24,81
101,101,50,72,101,88,101,46.17,72
101,101,40,101,101,101,101,46.1,90
45,20,101,101,101,101,78,46.04,57
101,101,85,101,101,83,54,45.73,68
101,101,101,39,44,47,101,45.73,98
101,48,101,50,72,59,101,45.71,102
101,4,101,101,101,101,101,45.38,60
101,101,101,44,101,50,27,45.2,103
101,101,101,90,32,56,101,45.12,95
101,101,68,101,101,98,90,45.01,104
14,101,51,101,101,101,101,44.93,105
72,101,71,101,101,101,58,44.78,73
101,101,101,61,101,101,48,44.77,93
101,101,101,66,41,53,81,44.53,80
51,101,97,101,101,64,81,44.53,56
43,101,101,65,101,91,26,44.52,78
101,101,43,101,101,101,101,44.5,106
101,101,101,68,101,92,81,44.5,107
69,101,81,74,79,71,101,44.39,88
28,101,72,101,87,101,101,44.36,108
101,85,101,97,101,43,32,44.26,86
1,1,1,1,1,1,2,100.0,0
11,2,4,5,3,3,6,99.09,2
3,11,2,15,2,2,1,98.69,1
2,10,5,10,9,12,48,97.64,3
7,12,10,11,12,11,16,97.51,6
13,8,9,14,13,9,4,97.41,8
4,22,6,7,4,3,28,92.84,9
10,14,8,17,19,10,149,92.03,10
5,16,3,70,25,19,204,88.56,5
9,25,11,18,7,32,45,88.11,7
12,18,19,23,15,23,12,85.8,11
6,303,7,48,6,16,9,85.5,4
17,3,33,12,16,28,14,80.64,13
21,4,26,8,17,13,28,79.3,12
27,27,12,6,14,7,10,78.35,18
30,23,15,27,41,61,18,73.21,16
33,21,17,49,29,32,48,72.29,22
16,105,13,42,28,45,84,72.18,15
24,75,18,4,10,6,3,71.17,14
32,478,20,16,5,19,13,68.36,19
29,19,131,3,20,5,19,68.27,33
15,255,16,114,94,493,40,66.76,21
151,13,105,28,32,25,61,66.18,32
355,9,210,38,165,87,5,66.06,74
31,28,34,21,24,23,28,65.77,24
65,30,49,22,23,13,42,63.56,26
355,478,23,24,8,17,57,63.36,23
34,80,21,36,45,38,64,62.89,25
92,39,24,51,54,26,45,62.57,29
20,406,52,13,22,18,121,61.05,30
71,45,35,2,18,13,149,60.87,34
89,107,46,9,11,8,54,60.28,38
91,33,31,52,47,38,54,60.0,71
271,5,210,299,243,310,159,59.84,100
8,478,59,362,156,493,737,59.72,53
150,6,208,323,282,250,181,59.54,60
72,478,14,347,26,107,227,59.49,20
18,478,22,233,63,250,51,59.17,17
121,98,38,20,27,31,34,58.85,27
355,7,210,391,384,283,204,58.69,109
194,17,117,93,71,55,94,58.6,83
45,32,60,35,59,34,204,58.39,40
69,36,48,43,55,114,34,58.35,31
46,15,210,246,164,125,74,58.0,57
179,86,61,32,37,22,38,57.51,35
226,42,65,33,36,26,100,57.19,63
93,65,81,30,52,30,38,57.01,51
14,210,50,264,247,310,737,56.42,105
61,159,83,19,38,29,68,56.13,48
26,410,25,69,89,114,338,56.06,47
148,74,43,59,64,61,33,55.7,43
81,52,54,72,87,73,20,55.67,41
76,195,210,25,58,21,64,55.67,70
25,219,27,207,234,52,170,55.3,42
355,35,210,65,155,250,7,55.3,110
42,131,36,54,42,55,307,55.2,59
47,192,90,29,31,38,68,55.18,44
96,145,112,39,21,34,181,54.93,36
212,299,95,34,70,52,8,54.76,54
124,252,28,105,53,48,68,54.76,39
85,298,92,26,34,36,78,54.75,66
88,91,45,99,62,114,22,54.67,37
75,56,41,97,35,75,128,54.5,45
197,20,150,241,230,159,307,54.25,111
113,24,210,46,216,283,637,54.19,112
50,478,29,127,30,81,181,54.07,28
291,47,84,60,46,43,227,53.96,61
36,431,86,31,39,99,100,53.91,62
98,73,74,41,68,43,94,53.9,75
99,62,87,67,33,37,307,53.77,49
108,90,113,58,57,52,51,53.69,58
40,241,210,56,112,107,21,53.65,78
126,478,37,55,61,38,737,53.64,69
355,99,210,37,136,114,23,53.52,103
48,151,30,121,75,99,194,53.5,64
63,198,51,57,49,38,338,53.46,67
60,50,116,112,104,69,76,53.06,52
355,97,210,66,65,73,45,53.01,80
111,143,63,44,44,61,481,52.94,92
217,478,42,76,48,48,138,52.93,46
56,46,67,123,66,55,170,52.92,65
43,156,91,64,56,69,181,52.75,82
123,77,210,104,154,79,24,52.74,86
68,43,178,164,148,79,84,52.71,85
110,404,82,47,43,55,94,52.69,87
74,122,56,95,116,176,28,52.63,55
294,63,210,79,192,134,16,52.6,113
102,181,101,40,51,55,338,52.42,98
57,426,58,68,67,61,159,52.4,81
28,173,114,84,132,87,181,52.31,101
66,178,32,78,162,250,373,52.12,76
355,41,210,135,170,283,27,51.96,114
355,130,80,126,121,48,41,51.8,68
355,225,210,53,111,75,64,51.72,115
127,158,162,50,117,61,100,51.58,93
208,48,119,150,157,87,44,51.53,116
136,101,210,45,74,87,194,51.43,117
23,275,70,156,125,187,227,51.37,118
38,138,173,106,92,187,100,51.34,89
185,26,106,223,312,310,637,51.34,119
355,66,184,88,142,75,227,51.29,120
44,208,189,134,97,60,100,51.27,77
163,144,148,61,105,81,84,51.23,107
355,478,136,92,76,61,78,51.19,95
328,94,53,73,90,87,280,51.18,72
355,478,72,141,79,69,34,51.14,79
355,61,210,143,330,250,15,50.95,121
54,313,94,252,144,45,61,50.94,56
41,221,39,180,226,187,100,50.89,50
53,478,77,80,88,99,481,50.76,88
139,266,44,108,126,130,373,50.7,90
112,214,210,85,115,45,128,50.69,122
211,38,175,166,769,176,204,50.53,102
79,29,169,456,241,310,259,50.4,123
265,295,134,75,96,125,78,50.37,91
132,478,165,81,133,48,737,50.34,124
107,478,78,82,91,114,227,50.29,84
146,37,210,295,323,310,159,50.28,125
292,188,107,90,78,81,194,50.17,126
355,207,210,63,107,81,259,50.17,127
355,478,210,111,40,107,194,50.12,128
182,438,204,74,86,87,338,49.97,129
177,242,76,87,69,99,338,49.97,97
62,336,111,94,77,99,737,49.96,130
223,184,163,103,81,87,115,49.95,131
170,478,68,161,73,69,100,49.92,104
293,265,190,71,103,107,338,49.89,132
355,85,210,186,262,363,11,49.88,133
118,155,210,91,120,114,552,49.85,134
355,58,210,182,428,220,34,49.84,135
302,70,210,62,182,114,737,49.82,136
67,356,69,119,141,134,68,49.82,73
355,478,131,140,118,150,78,49.79,137
309,460,210,77,110,87,426,49.79,138
137,113,187,155,106,159,64,49.78,139
115,282,139,89,158,81,121,49.73,140
219,112,210,118,131,87,280,49.64,141
355,152,210,159,128,87,78,49.62,142
165,167,57,221,196,81,115,49.6,143
117,478,73,107,60,159,426,49.53,108
210,271,159,128,159,87,159,49.51,144
58,119,198,116,160,150,204,49.48,145
355,244,210,219,100,61,307,49.47,146
355,398,210,83,123,87,737,49.47,147
242,59,210,251,236,150,128,49.46,148
315,81,210,115,129,107,259,49.42,149
128,148,85,113,174,150,159,49.41,96
355,478,210,110,387,220,26,49.35,150
172,114,210,100,194,99,138,49.29,151
19,320,210,460,520,283,373,49.25,152
84,93,210,132,134,134,280,49.23,153
355,49,210,154,198,250,426,49.18,154
22,362,96,349,259,283,307,49.18,155
77,222,66,168,113,134,426,49.17,156
272,116,210,98,195,176,481,49.1,157
355,424,210,195,351,134,57,49.08,158
275,478,110,117,84,159,373,49.03,159
94,478,119,122,82,250,481,49.02,160
64,478,102,158,143,159,227,48.99,161
186,377,47,137,95,187,426,48.96,106
105,291,62,175,151,200,280,48.93,162
355,40,210,315,291,493,89,48.91,163
160,478,99,239,50,114,227,48.89,164
355,478,210,139,114,134,194,48.88,165
355,478,210,169,80,176,159,48.85,166
355,89,210,147,171,114,737,48.84,167
249,31,165,980,825,609,737,48.81,99
248,321,71,177,186,107,737,48.79,168
39,174,172,172,152,310,373,48.77,169
277,134,210,96,146,250,159,48.71,170
157,34,210,632,677,406,737,48.69,171
174,478,210,188,85,159,138,48.67,172
355,284,210,242,263,159,51,48.65,173
355,69,210,292,481,406,28,48.63,174
355,478,119,191,124,107,227,48.61,175
59,478,55,190,135,250,204,48.61,176
305,132,210,145,166,159,204,48.6,177
131,257,190,124,127,114,227,48.55,178
304,146,126,152,138,134,637,48.54,179
176,53,210,312,229,187,307,48.48,180
162,467,178,109,183,200,481,48.48,181
273,190,109,142,173,75,338,48.47,182
355,478,210,125,102,134,280,48.4,183
278,478,210,101,99,176,737,48.4,184
355,478,210,227,168,61,149,48.36,185
355,478,210,279,346,220,25,48.35,186
184,106,183,202,93,99,637,48.27,187
260,378,126,138,172,283,61,48.18,188
355,126,210,120,264,310,100,48.14,189
138,218,40,368,261,176,481,48.12,190
355,269,103,179,286,134,181,48.08,191
355,186,210,187,258,125,181,48.07,192
355,478,136,288,72,187,170,48.06,193
95,338,210,237,108,134,637,48.05,194
325,149,210,102,250,250,138,48.02,195
243,96,97,220,213,220,149,48.02,196
339,478,195,240,257,200,48,47.98,197
86,55,206,213,309,406,204,47.97,198
355,109,194,215,150,187,426,47.97,199
319,68,193,301,249,150,227,47.96,200
166,478,205,167,119,99,426,47.93,201
90,478,88,171,386,159,204,47.83,202
216,83,210,209,161,159,194,47.82,203
355,191,210,206,331,187,54,47.79,204
200,160,100,225,147,150,737,47.78,205
355,293,210,86,318,493,94,47.76,206
104,193,169,176,122,187,128,47.75,207
199,118,154,194,190,159,373,47.74,208
306,183,135,183,153,310,170,47.74,209
114,456,171,173,197,114,338,47.73,210
159,248,200,149,163,134,373,47.69,211
355,287,210,185,191,159,481,47.69,212
222,478,210,170,208,134,307,47.69,213
133,348,210,231,181,220,227,47.67,214
343,170,122,193,271,150,109,47.67,215
256,179,210,162,179,159,481,47.67,216
331,447,210,148,371,363,57,47.67,217
355,416,210,131,189,220,170,47.63,218
342,319,210,130,283,187,552,47.59,219
149,84,150,257,297,220,227,47.56,220
181,478,210,136,101,220,159,47.54,221
228,478,210,199,98,134,259,47.53,222
100,407,164,216,178,200,481,47.5,223
220,472,210,129,83,176,227,47.48,224
145,397,140,165,214,283,373,47.47,225
285,296,210,212,270,220,109,47.47,226
300,117,210,192,177,134,481,47.45,227
245,194,210,151,202,159,181,47.43,228
355,250,210,200,149,200,481,47.42,229
355,478,210,133,130,220,204,47.42,230
311,471,159,214,272,220,552,47.4,231
180,396,192,236,185,220,280,47.39,232
282,402,210,160,187,200,204,47.35,233
298,92,210,363,298,283,194,47.34,234
355,124,210,238,223,176,307,47.33,235
49,311,79,527,169,493,128,47.31,236
355,478,210,218,227,176,109,47.26,237
346,286,122,197,364,187,138,47.26,238
355,478,210,314,224,130,373,47.26,239
355,428,145,263,233,200,149,47.26,240
355,358,165,174,137,200,280,47.25,241
355,67,210,326,666,406,74,47.22,242
120,121,210,375,344,159,138,47.2,243
355,478,210,153,109,250,426,47.19,244
202,478,210,189,139,363,426,47.18,245
355,60,210,157,545,800,307,47.16,246
297,386,126,265,305,250,76,47.16,247
73,478,210,271,276,130,552,47.14,248
355,478,188,204,167,250,637,47.14,249
355,478,210,208,376,283,307,47.11,250
168,478,210,298,207,159,637,47.05,251
164,478,210,354,200,134,227,47.04,252
183,478,108,226,239,176,259,47.0,253
355,478,210,146,218,250,204,46.99,254
355,288,210,201,180,134,338,46.98,255
355,478,210,410,334,125,227,46.95,256
355,478,154,302,306,250,737,46.93,257
355,44,210,594,512,609,481,46.91,258
317,270,210,184,219,250,338,46.9,259
134,478,210,331,302,200,373,46.89,260
355,262,210,366,322,220,89,46.89,261
203,478,143,234,201,250,259,46.88,262
355,478,210,254,140,220,373,46.87,263
122,237,210,250,203,250,373,46.87,264
175,268,210,247,145,176,338,46.82,265
316,304,93,211,256,200,637,46.8,266
97,169,142,333,244,220,552,46.78,267
355,418,210,203,285,200,204,46.78,268
227,182,210,276,280,150,307,46.77,269
355,238,210,144,275,363,481,46.75,270
270,185,210,196,267,200,227,46.72,271
324,475,210,163,333,200,737,46.67,272
230,455,210,266,235,283,138,46.65,273
355,478,150,267,175,220,373,46.64,274
289,374,210,222,212,250,227,46.63,275
347,223,210,282,217,250,481,46.63,276
301,172,210,253,273,220,204,46.59,277
327,478,147,178,321,220,426,46.59,278
355,478,210,294,274,283,109,46.59,279
355,125,210,205,352,283,637,46.58,280
355,226,210,332,335,250,94,46.57,281
355,478,122,285,232,310,737,46.57,282
355,51,210,580,752,406,737,46.55,283
355,153,210,289,251,250,338,46.52,284
37,129,210,619,620,609,737,46.49,285
231,163,210,274,350,220,373,46.49,286
241,78,210,393,319,220,481,46.49,287
267,478,141,217,176,363,552,46.48,288
355,478,210,277,199,220,737,46.44,289
83,427,89,269,394,250,426,46.42,290
355,279,210,256,469,363,128,46.42,291
355,328,210,198,424,310,138,46.42,292
355,478,210,338,279,220,737,46.42,293
35,236,210,677,444,406,373,46.41,294
355,478,210,324,252,363,280,46.41,295
355,267,122,293,221,310,170,46.4,296
80,276,210,353,432,406,115,46.39,297
355,440,182,262,353,130,737,46.37,298
308,478,201,287,268,800,307,46.36,299
78,175,210,379,367,363,280,46.34,300
355,464,210,210,342,220,552,46.34,301
355,177,210,290,345,310,737,46.32,302
355,453,210,284,288,406,426,46.31,303
355,283,210,235,222,406,637,46.31,304
355,478,210,249,206,283,737,46.31,305
70,139,75,520,742,310,737,46.3,306
130,54,210,986,538,609,737,46.3,307
268,465,210,229,368,200,426,46.3,308
355,449,210,228,245,310,426,46.29,309
355,478,210,275,242,283,426,46.29,310
355,64,210,545,494,310,259,46.26,311
355,478,210,322,357,310,552,46.25,312
337,478,210,243,231,220,637,46.23,313
355,446,210,358,661,283,68,46.23,314
355,478,210,700,877,609,42,46.23,315
135,478,136,313,215,310,227,46.21,316
287,253,158,612,554,493,552,46.21,317
295,171,210,383,307,250,115,46.2,318
116,165,210,348,313,220,259,46.2,319
178,215,210,364,300,406,373,46.2,320
355,478,210,424,412,150,737,46.18,321
355,389,210,335,383,406,138,46.15,322
125,478,210,317,193,363,280,46.15,323
198,394,210,224,253,200,259,46.13,324
355,478,210,260,260,283,737,46.13,325
190,415,115,413,225,310,373,46.12,326
55,258,210,374,417,493,227,46.11,327
355,57,210,644,928,800,426,46.1,328
261,120,210,304,326,493,181,46.08,329
355,478,210,258,314,220,373,46.08,330
355,246,210,248,433,310,737,46.06,331
355,95,210,548,380,200,338,46.06,332
355,478,210,484,303,310,737,46.06,333
355,478,210,528,565,406,57,46.02,334
154,256,210,272,246,250,426,46.02,335
355,478,210,272,209,159,481,45.99,336
299,478,210,181,204,406,481,45.99,337
355,382,210,303,248,310,737,45.98,338
52,135,126,841,812,609,338,45.97,339
201,400,210,244,254,283,737,45.97,340
355,478,210,291,429,250,373,45.95,341
169,399,210,308,284,283,737,45.95,342
290,478,209,328,237,283,259,45.92,343
276,385,206,329,359,283,637,45.92,344
355,478,210,525,459,310,552,45.91,345
334,478,210,370,205,200,637,45.89,346
355,72,210,582,734,800,426,45.88,347
240,187,210,480,290,200,481,45.88,348
318,168,210,311,456,493,280,45.87,349
187,478,174,356,210,187,637,45.87,350
355,478,210,469,395,363,128,45.83,351
355,478,210,380,316,310,280,45.83,352
355,315,181,296,555,310,307,45.82,353
355,100,210,371,507,609,307,45.8,354
355,372,210,318,338,220,637,45.8,355
355,478,210,373,634,406,100,45.79,356
250,371,210,309,188,406,481,45.79,357
355,478,210,278,255,363,426,45.79,358
355,478,210,367,341,406,637,45.78,359
355,478,210,336,349,363,204,45.78,360
355,82,210,639,442,310,637,45.77,361
355,478,165,280,382,406,138,45.76,362
355,342,195,468,287,493,227,45.75,363
355,76,210,653,577,310,637,45.74,364
221,111,210,427,623,310,307,45.74,365
355,478,210,319,289,125,373,45.74,366
355,478,210,378,295,283,426,45.73,367
355,478,210,509,489,220,737,45.71,368
161,478,161,402,372,187,338,45.7,369
152,102,210,401,547,609,204,45.7,370
87,478,104,539,403,250,637,45.69,371
312,137,210,513,499,283,338,45.69,372
355,478,210,377,410,310,737,45.69,373
355,478,210,474,505,609,89,45.67,374
355,478,210,255,893,493,259,45.67,375
355,478,210,442,299,609,307,45.67,376
355,478,210,320,337,363,737,45.66,377
192,477,176,268,348,363,737,45.66,378
355,478,210,365,294,363,227,45.66,379
239,445,210,398,626,609,84,45.66,380
355,189,210,261,764,406,481,45.65,381
355,370,210,390,402,493,307,45.65,382
229,478,64,530,533,363,737,45.63,383
355,478,210,339,556,493,89,45.63,384
51,478,210,408,490,406,737,45.61,385
355,478,210,342,315,406,204,45.6,386
355,478,210,399,393,310,552,45.6,387
355,478,210,345,336,493,338,45.6,388
101,203,186,360,532,609,280,45.59,389
262,478,210,341,378,493,194,45.59,390
355,478,210,320,332,609,481,45.58,391
355,251,210,344,434,609,138,45.58,392
355,478,210,286,281,406,373,45.58,393
355,87,210,406,926,800,426,45.57,394
349,332,210,359,435,493,737,45.57,395
355,79,210,529,904,493,737,45.57,396
355,71,210,728,731,800,737,45.56,397
355,164,210,397,396,250,737,45.55,398
355,127,210,307,595,800,181,45.55,399
355,478,210,411,652,363,115,45.55,400
355,468,210,388,391,493,149,45.55,401
213,301,185,300,361,493,181,45.55,402
355,478,210,440,385,363,426,45.54,403
355,346,131,511,277,200,637,45.53,404
355,478,210,452,240,283,637,45.53,405
355,478,210,512,741,800,78,45.51,406
279,325,210,473,400,493,170,45.51,407
355,232,210,259,656,609,181,45.5,408
355,147,210,486,612,609,481,45.5,409
355,451,210,386,583,406,109,45.49,410
355,220,210,232,638,609,737,45.49,411
158,409,210,412,695,609,121,45.49,412
355,478,210,504,516,406,128,45.48,413
355,478,210,422,500,609,737,45.47,414
288,444,210,495,423,283,149,45.47,415
206,200,210,478,672,609,109,45.47,416
274,128,210,567,579,493,307,45.46,417
244,478,210,230,406,493,552,45.46,418
119,478,145,400,488,363,637,45.45,419
355,133,210,611,537,800,115,45.45,420
355,352,210,387,379,310,552,45.44,421
355,110,210,540,687,493,552,45.44,422
355,478,210,579,471,310,737,45.43,423
355,217,210,503,506,363,204,45.43,424
253,354,210,426,360,493,373,45.43,425
355,478,210,409,184,609,481,45.43,426
351,413,210,381,365,406,159,45.43,427
355,478,210,781,792,800,68,45.43,428
355,478,210,626,663,800,84,45.43,429
355,235,210,554,461,493,637,45.41,430
355,478,210,404,328,406,280,45.41,431
355,478,210,327,228,406,426,45.41,432
355,478,210,376,266,363,737,45.4,433
355,478,97,449,374,283,637,45.4,434
224,469,210,270,467,493,373,45.4,435
263,88,210,701,732,800,637,45.4,436
355,478,210,297,534,406,227,45.39,437
355,228,210,310,627,609,481,45.39,438
314,180,210,441,419,406,637,45.39,439
355,422,210,395,511,363,128,45.38,440
355,478,210,384,478,220,552,45.38,441
355,478,210,488,542,609,280,45.37,442
355,104,210,712,501,406,737,45.37,443
109,478,210,603,455,493,149,45.36,444
355,478,210,343,477,363,338,45.36,445
355,350,210,538,414,609,737,45.36,446
355,343,210,646,802,609,94,45.35,447
129,249,210,459,479,310,338,45.34,448
355,339,210,372,398,250,637,45.33,449
330,263,210,450,310,493,426,45.33,450
232,278,210,416,375,493,552,45.29,451
355,478,210,482,401,800,637,45.29,452
355,478,210,316,451,310,194,45.29,453
355,327,210,455,409,493,373,45.29,454
355,431,210,421,440,310,637,45.28,455
355,478,210,407,356,310,737,45.27,456
355,466,210,245,588,493,481,45.27,457
355,478,210,454,539,406,170,45.26,458
355,142,210,584,436,310,737,45.26,459
355,347,210,516,325,250,637,45.26,460
355,196,210,650,362,800,338,45.26,461
355,478,126,489,220,493,737,45.25,462
355,359,210,423,464,406,227,45.25,463
196,176,210,568,474,493,280,45.25,464
355,162,210,330,855,609,373,45.24,465
355,478,210,435,485,310,637,45.23,466
355,369,210,677,630,200,737,45.23,467
355,478,157,475,347,493,481,45.22,468
355,379,148,451,211,363,373,45.22,469
355,349,210,643,521,406,737,45.22,470
355,333,210,564,568,283,204,45.22,471
355,245,210,382,454,406,426,45.22,472
355,351,210,578,566,220,637,45.21,473
355,478,210,361,468,609,204,45.21,474
355,289,210,283,875,609,338,45.21,475
355,478,210,351,355,609,307,45.2,476
189,260,210,506,513,310,373,45.2,477
355,478,210,334,649,493,637,45.2,478
355,478,210,396,466,609,552,45.19,479
355,277,210,392,508,250,552,45.19,480
352,478,210,433,615,800,338,45.19,481
355,421,210,637,660,609,121,45.18,482
320,380,210,337,427,310,373,45.18,483
355,478,210,645,482,406,737,45.18,484
355,224,210,531,327,363,426,45.18,485
355,452,210,416,292,283,552,45.18,486
173,154,210,561,426,493,737,45.17,487
283,141,210,906,487,493,552,45.16,488
251,123,210,767,718,800,737,45.15,489
355,478,210,792,618,250,637,45.15,490
355,478,210,487,370,493,737,45.15,491
355,115,210,670,910,493,426,45.15,492
355,247,210,437,662,609,637,45.14,493
355,103,210,808,868,800,637,45.14,494
355,478,210,340,525,609,307,45.14,495
355,462,210,430,476,493,170,45.14,496
355,392,210,431,527,406,259,45.14,497
355,292,210,403,650,493,227,45.12,498
195,234,210,414,548,406,338,45.12,499
355,478,210,483,619,493,259,45.11,500
355,478,210,305,495,609,280,45.11,501
355,322,210,550,450,310,637,45.11,502
266,408,210,415,392,609,259,45.11,503
141,157,210,580,617,609,481,45.11,504
355,478,210,554,377,363,373,45.1,505
355,274,210,445,460,609,338,45.1,506
82,478,210,551,573,609,637,45.1,507
345,478,202,385,340,800,737,45.1,508
355,478,210,607,269,493,737,45.09,509
355,478,210,424,470,493,737,45.09,510
355,478,210,576,604,609,737,45.07,511
355,434,210,465,504,363,426,45.07,512
355,395,210,954,915,800,89,45.07,513
208,209,210,727,405,406,552,45.05,514
355,478,210,306,530,800,373,45.05,515
355,478,210,629,311,310,737,45.05,516
355,478,210,446,437,406,637,45.05,517
338,429,197,526,524,406,481,45.04,518
355,478,210,428,755,609,121,45.04,519
354,441,210,350,684,493,338,45.04,520
355,478,210,726,594,493,481,45.04,521
355,478,150,736,411,609,737,45.03,522
355,108,210,995,837,800,637,45.03,523
156,419,210,553,473,363,307,45.03,524
355,478,210,346,449,310,737,45.02,525
355,478,210,429,324,493,737,45.02,526
296,161,210,630,441,609,637,45.01,527
355,478,210,444,808,609,204,45.01,528
355,403,210,564,730,800,128,45.01,529
355,478,210,491,329,609,637,45.01,530
355,478,210,325,418,493,426,45.01,531
252,478,210,467,265,609,373,45.01,532
355,478,210,583,397,609,552,45.01,533
355,478,210,355,502,406,737,45.01,534
355,478,210,522,785,609,121,45.0,535
355,478,210,442,293,310,552,44.99,536
218,273,210,537,491,406,737,44.99,537
335,140,210,991,796,609,552,44.99,538
307,474,210,573,611,800,149,44.98,539
355,344,210,557,354,363,637,44.98,540
355,478,210,560,317,406,373,44.98,541
355,478,210,763,609,493,259,44.98,542
332,212,210,708,722,363,737,44.97,543
355,136,210,819,670,800,737,44.97,544
348,478,210,420,415,609,481,44.97,545
355,478,210,434,475,609,637,44.97,546
355,478,210,715,304,493,426,44.96,547
355,261,210,463,585,310,373,44.96,548
355,478,210,439,296,363,552,44.96,549
355,478,210,479,366,406,737,44.96,550
355,478,210,481,497,406,737,44.96,551
246,360,210,624,526,609,373,44.95,552
355,478,210,419,659,609,170,44.95,553
355,478,210,447,590,800,552,44.94,554
355,306,210,764,531,310,307,44.94,555
353,478,210,600,388,406,259,44.94,556
355,478,210,505,453,406,552,44.94,557
355,478,210,493,413,310,737,44.94,558
286,357,210,638,430,800,552,44.93,559
355,254,210,523,881,609,170,44.93,560
103,205,210,892,850,800,737,44.93,561
355,478,210,492,404,310,426,44.93,562
106,335,210,710,651,406,737,44.92,563
355,478,210,572,528,406,426,44.92,564
204,478,210,369,438,609,637,44.92,565
355,478,210,394,408,363,481,44.92,566
355,478,210,436,750,493,737,44.91,567
355,201,210,499,705,800,737,44.91,568
153,308,210,536,846,609,227,44.91,569
355,211,210,694,648,493,373,44.9,570
355,478,210,389,667,493,481,44.9,571
355,478,210,510,238,363,552,44.9,572
355,478,210,586,589,406,149,44.89,573
355,201,210,501,966,800,426,44.89,574
355,478,210,544,598,609,737,44.89,575
355,206,210,532,928,406,280,44.89,576
355,437,210,534,425,493,426,44.88,577
355,478,210,595,407,609,737,44.87,578
355,478,210,464,773,800,181,44.85,579
355,478,210,437,465,493,426,44.85,580
355,324,210,585,564,493,338,44.85,581
355,478,210,569,828,609,737,44.85,582
355,478,210,514,536,800,552,44.85,583
355,199,210,846,710,493,373,44.85,584
355,478,210,418,632,406,552,44.85,585
355,478,210,616,431,363,481,44.85,586
355,150,210,902,550,406,637,44.85,587
355,294,210,500,915,800,737,44.84,588
355,478,210,697,608,493,481,44.84,589
355,478,210,796,549,609,552,44.84,590
191,478,210,571,518,800,552,44.83,591
355,478,210,458,420,310,737,44.83,592
355,384,210,606,633,363,426,44.83,593
355,316,210,646,682,609,204,44.83,594
355,478,210,357,582,800,737,44.82,595
355,259,210,671,602,363,481,44.82,596
355,478,210,490,569,609,737,44.82,597
355,478,210,668,517,493,552,44.82,598
355,166,210,592,928,493,373,44.82,599
355,478,210,593,597,609,307,44.82,600
355,478,210,896,934,609,121,44.82,601
255,337,210,681,580,609,737,44.81,602
355,478,210,574,707,609,227,44.81,603
341,478,210,699,320,493,552,44.81,604
355,478,210,457,733,493,552,44.81,605
355,229,210,731,610,800,737,44.8,606
143,312,210,830,713,609,637,44.8,607
355,478,210,461,278,609,737,44.8,608
355,233,210,597,557,493,481,44.8,609
355,478,210,653,837,493,737,44.79,610
355,307,210,845,846,609,737,44.79,611
355,478,210,462,389,406,426,44.79,612
355,459,210,556,678,609,637,44.79,613
355,227,210,605,861,609,737,44.78,614
355,387,210,543,770,609,481,44.78,615
355,478,210,907,806,493,737,44.78,616
355,435,210,710,581,800,737,44.77,617
355,478,210,617,643,800,737,44.77,618
355,478,210,472,561,493,307,44.77,619
355,423,210,558,558,363,737,44.77,620
355,478,210,608,339,609,737,44.77,621
236,478,143,615,480,609,481,44.77,622
142,478,210,993,753,609,737,44.76,623
281,478,180,718,343,493,737,44.76,624
355,478,210,470,543,493,373,44.76,625
355,478,210,515,616,406,737,44.76,626
355,478,210,496,742,310,737,44.75,627
355,448,210,552,575,609,637,44.75,628
355,478,210,598,798,800,227,44.74,629
355,478,210,613,301,800,637,44.74,630
355,478,210,485,674,406,552,44.74,631
355,478,210,506,515,609,552,44.74,632
355,478,210,664,445,493,426,44.74,633
207,478,210,541,369,609,481,44.74,634
355,364,210,405,692,609,737,44.74,635
355,439,210,559,446,800,737,44.73,636
355,204,210,696,866,493,737,44.73,637
355,478,210,640,399,406,373,44.73,638
355,213,210,931,864,406,737,44.73,639
355,478,210,759,697,310,637,44.73,640
355,478,210,521,358,800,552,44.73,641
355,478,210,502,484,363,637,44.73,642
355,478,210,622,673,800,481,44.72,643
269,478,210,943,599,406,204,44.72,644
355,478,210,792,390,609,637,44.72,645
355,478,210,748,593,406,552,44.72,646
355,478,210,813,724,310,552,44.72,647
167,478,210,498,938,493,737,44.72,648
355,239,210,758,910,800,481,44.72,649
355,478,210,575,646,493,552,44.71,650
214,478,210,524,541,800,737,44.71,651
355,478,210,599,519,493,338,44.71,652
257,197,210,722,881,609,552,44.71,653
355,478,210,648,664,493,426,44.71,654
355,478,210,636,636,406,737,44.71,655
355,478,210,820,771,406,737,44.7,656
355,478,210,563,596,800,737,44.7,657
355,478,210,655,721,493,373,44.7,658
355,353,210,649,373,406,737,44.7,659
355,478,210,657,797,800,227,44.7,660
235,326,210,745,654,800,426,44.69,661
355,478,210,854,624,800,637,44.69,662
355,478,210,635,535,406,737,44.69,663
355,478,210,471,462,493,737,44.69,664
355,366,210,936,613,310,373,44.69,665
355,478,210,929,823,609,280,44.69,666
237,285,210,746,927,363,737,44.69,667
355,478,117,799,640,800,159,44.69,668
355,478,210,716,774,609,737,44.69,669
355,272,210,784,540,800,481,44.68,670
355,457,210,534,546,406,737,44.68,671
355,431,210,477,614,800,481,44.68,672
355,478,210,660,586,406,552,44.68,673
355,478,210,820,759,609,737,44.68,674
355,478,210,717,622,406,426,44.68,675
355,478,210,685,600,609,737,44.67,676
355,412,210,619,457,800,737,44.67,677
355,478,210,591,922,609,637,44.67,678
355,478,210,590,641,363,338,44.67,679
355,478,210,577,763,800,737,44.67,680
355,478,210,494,514,493,637,44.67,681
188,478,210,684,503,609,481,44.67,682
355,478,210,352,655,493,552,44.67,683
355,478,154,800,788,800,552,44.67,684
355,405,210,619,974,800,259,44.67,685
355,478,210,855,498,609,737,44.66,686
355,373,210,738,645,493,481,44.66,687
333,478,210,695,748,310,737,44.66,688
355,478,210,672,783,609,737,44.66,689
355,323,210,659,736,609,737,44.66,690
355,478,210,625,553,800,373,44.66,691
355,478,210,570,786,406,481,44.66,692
355,375,210,656,458,609,737,44.65,693
355,478,210,894,621,609,552,44.65,694
355,478,210,632,607,406,637,44.65,695
225,230,210,754,952,800,737,44.65,696
355,363,210,587,448,609,552,44.65,697
355,478,210,724,686,609,552,44.65,698
355,355,210,533,544,609,552,44.65,699
355,478,210,432,381,609,552,44.64,700
355,478,210,666,639,800,737,44.64,701
329,478,210,756,422,406,373,44.64,702
355,381,210,602,601,609,552,44.64,703
355,216,210,909,791,800,737,44.64,704
355,478,210,497,778,609,637,44.63,705
355,478,210,652,483,800,737,44.63,706
355,331,210,839,879,493,338,44.63,707
355,478,210,682,878,609,637,44.63,708
355,309,210,816,892,609,737,44.63,709
355,243,210,852,938,406,637,44.63,710
355,478,210,746,629,800,552,44.63,711
355,478,198,651,765,800,552,44.63,712
355,478,210,466,799,800,737,44.63,713
355,478,210,634,529,406,552,44.63,714
355,420,210,786,974,609,259,44.63,715
355,390,210,782,592,609,338,44.62,716
258,478,210,876,496,800,737,44.62,717
355,411,210,686,676,800,481,44.62,718
355,478,210,780,668,609,737,44.62,719
355,361,210,883,522,406,552,44.62,720
355,478,210,823,712,609,737,44.62,721
355,478,210,508,925,609,637,44.62,722
355,280,210,663,795,800,426,44.62,723
355,478,210,744,421,609,737,44.61,724
355,478,210,686,683,493,552,44.61,725
355,478,210,706,510,800,737,44.61,726
355,264,210,749,671,493,637,44.61,727
355,478,210,733,574,609,737,44.61,728
355,478,210,596,637,406,481,44.61,729
355,478,210,769,584,800,307,44.61,730
355,478,210,833,952,250,481,44.61,731
355,478,210,709,625,493,737,44.6,732
355,478,210,886,443,800,737,44.6,733
355,478,210,805,834,609,338,44.6,734
355,334,210,804,717,609,737,44.6,735
247,383,210,825,606,800,737,44.6,736
355,478,210,658,447,493,737,44.6,737
355,478,210,940,895,493,259,44.6,738
355,478,210,998,363,609,737,44.59,739
355,478,210,518,809,609,552,44.59,740
355,476,210,546,523,406,737,44.59,741
355,478,210,667,567,800,737,44.59,742
355,478,210,719,735,609,307,44.59,743
355,478,210,858,895,406,481,44.59,744
355,478,210,945,760,609,737,44.59,745
155,478,210,692,772,800,737,44.59,746
355,478,210,683,658,609,426,44.59,747
355,478,210,791,571,493,737,44.58,748
171,478,210,519,974,800,737,44.58,749
355,478,210,829,486,493,737,44.58,750
355,478,210,794,920,493,737,44.58,751
355,478,210,765,463,493,552,44.58,752
355,314,210,949,560,406,552,44.58,753
340,478,210,831,631,800,637,44.58,754
322,478,210,549,572,406,307,44.58,755
355,478,210,975,711,609,637,44.58,756
355,430,210,675,966,800,280,44.57,757
355,478,210,566,816,406,737,44.57,758
355,478,210,910,587,800,737,44.57,759
355,478,210,981,727,800,737,44.57,760
355,478,210,281,308,800,637,44.57,761
355,478,210,760,719,609,481,44.57,762
355,478,210,623,726,609,737,44.57,763
355,478,210,789,814,609,481,44.57,764
355,478,210,773,757,800,481,44.57,765
355,305,210,943,966,800,552,44.57,766
355,478,210,966,739,800,307,44.56,767
355,478,210,828,902,800,227,44.56,768
193,478,210,626,801,609,552,44.56,769
355,478,210,631,754,609,552,44.56,770
336,478,210,698,793,406,737,44.56,771
355,478,210,912,635,609,426,44.56,772
355,388,210,641,858,363,637,44.56,773
355,478,210,562,854,800,552,44.56,774
140,478,210,846,866,609,373,44.56,775
355,454,210,768,966,800,227,44.55,776
355,478,210,865,642,493,426,44.55,777
355,478,210,932,897,800,159,44.55,778
355,478,210,517,681,609,481,44.55,779
144,478,210,957,563,609,737,44.55,780
259,478,210,924,690,609,280,44.55,781
355,478,210,641,725,609,307,44.55,782
355,478,210,934,416,609,552,44.55,783
355,478,210,679,907,800,373,44.55,784
355,478,210,662,685,493,637,44.54,785
355,478,210,972,852,800,259,44.54,786
355,310,210,775,948,609,280,44.54,787
355,461,210,751,723,493,737,44.54,788
355,478,210,735,689,406,481,44.54,789
355,400,210,589,910,800,259,44.54,790
355,478,210,453,897,800,737,44.54,791
350,478,210,689,720,609,280,44.54,792
355,365,210,907,653,609,737,44.54,793
355,478,210,757,578,493,637,44.54,794
355,478,210,803,767,363,481,44.54,795
323,478,210,779,768,406,481,44.53,796
355,478,210,704,452,800,426,44.53,797
355,478,210,475,680,800,737,44.53,798
355,478,210,753,665,609,637,44.53,799
355,478,210,818,562,493,481,44.53,800
355,240,210,987,920,800,737,44.53,801
310,473,176,701,729,609,737,44.52,802
355,478,210,547,745,493,426,44.52,803
355,478,210,771,559,609,481,44.52,804
355,478,210,542,888,493,552,44.52,805
355,341,210,851,755,609,481,44.52,806
355,230,210,954,938,800,737,44.52,807
355,478,210,734,822,406,737,44.52,808
280,478,210,448,702,493,737,44.51,809
355,478,210,835,675,609,637,44.51,810
238,478,210,714,758,800,552,44.51,811
355,367,210,970,703,800,737,44.51,812
355,478,210,926,928,406,227,44.51,813
355,478,210,806,948,609,481,44.5,814
355,302,210,705,871,609,637,44.5,815
355,478,210,601,959,609,637,44.5,816
355,442,210,919,679,800,481,44.5,817
355,463,210,725,778,800,637,44.49,818
355,478,210,807,959,493,280,44.49,819
215,478,210,1000,716,800,552,44.49,820
355,478,210,707,850,609,338,44.49,821
205,478,210,827,551,493,737,44.49,822
355,478,210,794,845,800,737,44.49,823
355,478,210,618,800,609,737,44.48,824
355,478,210,860,841,800,552,44.48,825
234,478,210,798,874,406,737,44.48,826
355,478,210,889,740,609,338,44.48,827
355,478,210,939,781,800,552,44.48,828
355,478,210,751,863,800,338,44.47,829
355,478,210,925,788,800,426,44.47,830
355,329,210,719,784,800,552,44.47,831
355,478,210,778,826,800,373,44.47,832
355,478,210,588,938,493,737,44.47,833
355,478,210,676,775,609,280,44.47,834
303,368,210,992,669,800,637,44.46,835
355,478,210,812,492,800,737,44.46,836
355,478,210,918,974,800,194,44.46,837
326,478,210,790,728,609,737,44.46,838
355,478,210,866,810,609,552,44.46,839
355,281,210,870,884,493,426,44.46,840
355,478,210,740,605,800,737,44.46,841
355,436,210,777,699,609,552,44.45,842
284,478,210,832,833,609,637,44.45,843
355,391,210,897,817,609,737,44.45,844
355,478,210,754,856,493,637,44.45,845
355,290,210,855,880,800,481,44.45,846
355,478,210,864,704,406,737,44.45,847
355,478,210,738,698,800,637,44.45,848
355,478,210,603,903,800,737,44.45,849
355,478,210,887,657,609,552,44.45,850
355,478,210,824,805,800,552,44.45,851
355,300,210,783,922,609,737,44.45,852
355,478,210,959,699,363,737,44.44,853
355,478,210,912,829,493,637,44.44,854
355,478,210,760,987,800,737,44.44,855
355,478,210,788,782,609,737,44.44,856
355,345,210,721,890,493,737,44.44,857
355,318,210,912,603,493,637,44.44,858
355,478,210,690,959,800,637,44.44,859
355,478,210,966,901,609,637,44.44,860
355,478,203,741,493,800,637,44.44,861
355,478,210,963,834,800,373,44.44,862
355,478,210,879,761,800,737,44.44,863
355,478,210,883,842,800,737,44.44,864
355,478,210,810,987,800,227,44.44,865
355,478,210,613,696,493,426,44.43,866
355,478,210,936,849,609,552,44.43,867
355,478,210,879,853,609,637,44.43,868
355,478,210,927,831,800,307,44.43,869
355,478,210,703,824,800,481,44.43,870
355,478,210,838,706,609,737,44.43,871
355,478,210,844,804,800,637,44.43,872
355,478,210,952,819,609,426,44.43,873
355,478,210,935,647,800,426,44.43,874
355,478,210,729,871,800,637,44.42,875
355,478,210,965,738,800,737,44.42,876
355,478,210,873,922,800,552,44.42,877
233,478,210,665,762,800,481,44.42,878
355,340,210,973,860,493,481,44.42,879
355,478,210,853,691,609,637,44.42,880
355,478,210,863,793,800,373,44.42,881
355,478,210,848,701,800,737,44.42,882
355,478,210,691,570,609,481,44.41,883
355,478,210,899,746,609,552,44.41,884
355,478,210,871,888,609,637,44.41,885
355,458,210,974,938,800,737,44.41,886
355,478,210,661,472,800,552,44.41,887
355,478,210,922,693,609,637,44.41,888
355,478,210,743,509,609,637,44.41,889
355,478,210,877,714,406,737,44.41,890
355,478,210,915,708,609,737,44.4,891
355,478,210,966,859,406,737,44.4,892
355,478,210,610,974,800,737,44.4,893
355,450,210,785,777,800,737,44.4,894
355,478,210,834,644,800,481,44.4,895
355,478,210,674,766,800,637,44.4,896
355,478,210,713,818,609,737,44.39,897
355,478,210,608,959,800,737,44.39,898
355,317,210,774,934,800,737,44.39,899
355,478,210,742,952,609,737,44.39,900
355,297,210,882,748,609,737,44.39,901
355,478,210,932,864,493,426,44.39,902
355,478,210,817,820,493,737,44.39,903
355,478,210,871,987,493,737,44.39,904
355,478,210,904,952,800,373,44.39,905
355,478,210,693,591,609,737,44.39,906
355,425,210,797,966,800,737,44.39,907
355,478,210,949,885,493,737,44.39,908
355,478,210,841,628,800,737,44.38,909
355,478,210,911,694,609,737,44.38,910
355,478,210,857,938,800,737,44.38,911
355,478,210,969,751,609,737,44.38,912
355,478,210,903,840,800,737,44.38,913
344,478,210,732,812,800,737,44.38,914
355,478,210,669,959,800,307,44.38,915
147,478,210,875,910,609,737,44.38,916
355,478,210,672,715,800,737,44.38,917
355,478,210,879,839,493,552,44.38,918
355,414,210,985,974,800,737,44.37,919
355,330,210,988,952,800,373,44.37,920
264,478,210,760,875,609,737,44.37,921
355,443,210,771,900,800,737,44.37,922
355,478,210,957,576,800,338,44.37,923
355,478,210,983,821,800,426,44.36,924
355,478,210,688,934,800,737,44.36,925
355,478,210,867,974,609,737,44.36,926
355,478,210,938,886,609,737,44.36,927
355,376,210,869,987,800,737,44.36,928
355,478,210,730,787,800,737,44.36,929
355,478,210,959,966,800,737,44.36,930
355,478,210,942,950,800,552,44.36,931
355,478,210,680,747,609,552,44.36,932
355,478,210,940,744,800,737,44.35,933
355,478,210,948,914,800,737,44.35,934
355,478,210,775,974,800,737,44.35,935
355,478,210,959,803,800,552,44.35,936
355,478,210,947,899,800,426,44.35,937
355,478,210,722,904,609,737,44.34,938
355,478,210,916,552,493,637,44.34,939
355,478,210,765,883,800,373,44.34,940
355,478,210,836,959,800,280,44.34,941
355,478,210,800,844,609,481,44.34,942
355,478,210,737,932,800,637,44.33,943
355,478,210,897,868,800,373,44.33,944
355,393,210,893,918,800,737,44.33,945
355,478,210,928,907,800,737,44.33,946
355,417,210,628,987,800,737,44.33,947
355,478,210,977,868,609,481,44.33,948
355,478,210,995,439,609,737,44.33,949
355,478,210,750,987,609,737,44.32,950
254,478,210,963,950,800,737,44.32,951
355,478,210,894,974,800,737,44.32,952
355,478,210,802,887,609,737,44.32,953
355,478,210,815,843,609,737,44.32,954
355,478,210,873,737,800,637,44.32,955
355,478,210,860,952,609,737,44.32,956
321,478,210,837,776,609,737,44.32,957
355,478,210,978,974,609,737,44.31,958
355,478,210,769,952,609,737,44.31,959
355,478,210,971,987,800,280,44.31,960
355,478,210,840,938,493,737,44.31,961
355,478,210,951,826,800,737,44.31,962
355,478,210,994,871,800,737,44.31,963
355,478,210,826,806,800,737,44.31,964
355,478,210,891,848,609,737,44.31,965
355,478,210,849,831,800,737,44.31,966
355,478,210,981,856,609,737,44.31,967
355,478,210,923,915,800,737,44.3,968
355,478,210,962,815,800,737,44.3,969
355,478,210,997,938,609,552,44.3,970
355,478,210,984,938,493,481,44.3,971
355,478,210,813,966,609,637,44.3,972
355,478,210,946,830,800,737,44.3,973
355,478,210,978,891,800,737,44.3,974
355,478,210,919,987,800,552,44.3,975
355,478,210,811,987,800,737,44.29,976
355,478,210,999,778,609,737,44.29,977
355,478,210,976,811,800,737,44.29,978
355,478,210,988,987,800,737,44.29,979
355,478,210,888,974,800,373,44.29,980
355,478,210,917,987,800,637,44.28,981
355,478,210,849,709,800,737,44.28,982
355,478,210,952,904,609,737,44.28,983
355,478,210,859,836,800,737,44.27,984
355,478,210,809,938,609,637,44.27,985
313,478,210,919,974,800,637,44.27,986
355,478,210,787,894,800,737,44.27,987
355,478,210,885,907,800,737,44.26,988
355,478,210,929,974,800,737,44.26,989
355,478,210,900,862,800,737,44.26,990
355,478,210,905,932,800,737,44.26,991
355,470,210,843,688,609,637,44.26,992
355,478,210,822,987,493,737,44.25,993
355,478,210,878,987,800,737,44.24,994
355,478,210,990,918,800,637,44.24,995
355,478,210,901,934,800,737,44.24,996
355,478,210,867,987,800,737,44.24,997
355,478,210,956,965,800,737,44.23,998
355,478,210,860,973,800,637,44.21,999
355,478,210,890,790,800,737,44.18,1000
1,1,1,1,1,1,3,100.0,0
9,2,4,5,3,3,10,98.66,2
3,11,2,15,2,2,1,97.54,1
2,10,5,11,6,12,48,96.81,3
7,13,10,7,12,7,15,96.46,6
13,6,9,13,13,11,4,96.14,8
5,21,6,10,4,4,29,92.25,9
11,14,8,17,16,12,141,90.7,10
4,15,3,72,25,24,225,89.42,5
12,18,14,24,15,25,11,86.79,11
10,26,11,18,8,35,49,86.61,7
6,328,7,53,9,19,13,84.4,4
16,3,38,14,19,31,7,78.23,13
20,4,28,8,18,14,14,77.6,12
28,27,13,6,14,8,9,76.91,18
18,84,16,4,11,5,2,71.6,14
22,16,24,30,42,88,16,68.6,16
32,22,18,47,29,46,43,68.39,22
24,17,140,3,20,6,12,68.36,33
17,64,17,44,27,39,57,66.93,15
36,567,19,16,5,15,17,66.59,19
163,12,104,27,34,27,42,66.56,32
15,164,15,120,97,368,35,65.71,21
367,9,218,36,163,146,6,64.82,74
29,29,34,21,24,22,27,64.51,24
367,567,20,22,7,15,56,63.69,23
21,447,27,12,22,15,67,62.27,30
74,31,56,19,23,15,33,61.55,26
49,567,12,372,28,115,289,61.28,20
75,36,25,48,50,26,38,61.14,29
48,103,41,9,10,10,40,60.61,38
70,51,32,2,17,9,145,60.04,34
33,75,21,40,48,42,65,59.94,25
284,5,218,309,246,368,80,59.84,100
90,82,30,19,26,23,47,59.61,27
98,7,216,327,314,234,172,59.2,60
8,502,54,379,157,645,871,58.8,53
288,8,218,406,389,368,248,58.17,109
19,567,22,246,63,234,45,57.17,17
124,69,86,32,32,19,41,57.09,35
209,20,126,94,74,88,97,56.73,83
34,37,75,33,53,44,132,56.49,40
55,33,47,75,95,68,28,56.39,41
40,19,218,246,167,136,63,56.35,57
46,39,75,50,58,182,18,56.03,31
79,169,218,25,57,21,50,55.63,70
230,44,62,49,43,28,92,55.54,63
63,130,63,23,40,31,59,55.51,48
96,87,82,28,52,31,44,55.39,51
91,40,37,100,66,46,61,55.23,71
152,62,39,57,64,101,34,55.12,43
101,96,71,41,21,29,169,55.03,36
54,227,59,29,33,35,62,54.85,44
80,67,31,96,38,45,133,54.62,45
44,127,33,54,37,65,228,54.39,59
182,38,218,52,131,182,20,54.26,110
92,25,218,46,223,182,695,54.23,112
26,393,26,73,86,115,324,54.21,47
14,175,48,268,254,287,861,54.19,105
214,276,96,37,73,46,5,54.18,54
25,160,23,211,225,78,165,54.0,42
81,275,93,26,36,37,81,53.92,66
30,404,88,31,35,68,87,53.79,62
133,280,29,111,59,46,77,53.63,39
367,98,218,34,125,78,25,53.44,103
303,54,83,60,45,37,135,53.43,61
99,92,72,43,70,29,142,53.38,75
139,55,87,74,39,31,235,53.26,49
87,94,110,55,62,59,51,53.05,58
97,105,67,97,65,101,19,52.89,37
149,567,36,51,54,52,743,52.79,69
68,210,43,58,47,39,280,52.72,67
41,170,218,68,127,115,22,52.57,78
117,149,64,38,31,59,432,52.51,92
59,567,35,131,30,78,173,52.5,28
38,402,51,69,61,46,243,52.32,81
221,24,155,242,242,182,352,52.27,111
309,73,218,63,158,65,30,52.21,113
42,129,92,66,55,53,167,52.16,82
135,60,218,107,152,78,36,52.08,86
72,53,113,114,118,68,64,52.03,52
367,202,218,35,92,53,74,52.03,115
64,43,73,121,67,76,200,52.01,65
367,146,116,67,60,93,55,51.85,80
367,46,189,87,147,53,227,51.78,120
77,107,50,98,117,136,39,51.75,55
84,199,115,39,44,59,429,51.74,98
105,198,166,45,103,46,75,51.61,93
227,567,44,78,51,68,162,51.51,46
367,567,80,93,72,42,71,51.51,95
367,74,116,124,114,39,58,51.47,68
35,191,42,122,77,115,321,51.46,64
141,113,218,42,68,53,223,51.34,117
27,190,114,76,116,101,188,51.31,101
60,48,182,166,160,93,84,51.22,85
115,389,85,56,46,68,137,51.14,87
367,455,66,143,85,76,21,51.13,79
367,45,218,140,326,321,23,51.02,121
53,286,40,106,134,101,302,50.81,90
367,49,218,152,182,264,37,50.6,114
37,118,177,104,90,128,119,50.58,89
339,108,46,77,98,88,201,50.43,72
269,292,142,65,78,101,68,50.4,91
278,23,169,977,834,812,871,50.34,99
50,215,195,137,106,59,111,50.28,77
134,35,178,180,143,161,178,50.26,102
169,151,153,62,109,82,116,50.25,107
120,567,102,82,94,53,260,50.17,84
170,50,128,169,169,136,52,50.13,116
313,193,196,64,96,68,316,50.1,132
56,551,111,80,79,88,420,50.04,88
67,205,45,83,166,212,312,49.97,76
159,34,218,298,321,321,122,49.92,125
109,317,212,70,88,93,282,49.83,129
367,58,218,172,411,321,26,49.79,135
367,226,218,61,108,93,215,49.79,127
136,466,169,85,135,53,871,49.75,124
112,162,218,88,123,65,136,49.74,122
123,329,147,84,149,68,90,49.73,140
52,161,95,255,150,59,76,49.73,56
367,567,218,113,41,101,199,49.7,128
310,165,106,91,81,101,154,49.65,126
194,196,74,92,69,82,335,49.59,97
73,321,70,95,75,93,871,49.57,130
39,322,53,138,140,146,78,49.57,73
199,30,105,221,300,321,797,49.54,119
367,567,140,135,110,128,72,49.48,137
234,89,218,123,144,82,402,49.45,141
367,385,218,79,120,68,871,49.44,147
177,70,218,90,177,101,157,49.33,151
127,567,68,105,56,115,483,49.33,108
297,71,218,59,186,136,710,49.31,136
367,41,218,149,208,234,261,49.31,154
128,274,218,89,119,93,410,49.3,134
367,567,218,102,361,212,32,49.29,150
45,180,55,186,221,161,88,49.12,50
367,241,218,159,130,82,73,49.09,142
186,567,58,173,84,93,96,49.09,104
367,159,218,250,151,59,313,49.05,146
131,109,84,116,176,146,138,49.02,96
233,296,167,103,83,115,121,49.01,131
179,28,218,624,655,368,824,48.99,171
367,567,218,160,71,161,101,48.96,166
367,194,218,183,283,368,8,48.95,133
277,145,218,86,136,182,99,48.91,170
367,567,218,141,124,128,130,48.79,165
76,548,128,109,80,234,461,48.78,160
329,95,218,115,133,101,334,48.77,149
61,32,172,442,237,321,291,48.75,123
222,268,163,127,156,101,222,48.74,144
320,376,218,101,111,101,540,48.72,138
65,158,205,117,165,146,170,48.7,145
291,567,108,108,82,161,471,48.64,159
175,567,100,243,49,115,183,48.59,164
148,134,193,156,104,182,98,48.57,139
69,490,103,142,122,146,226,48.56,161
188,86,218,150,171,128,263,48.56,177
58,249,65,153,107,146,341,48.54,118
265,83,218,249,244,128,124,48.52,148
83,363,60,167,100,136,486,48.48,156
62,157,218,133,141,136,265,48.41,153
314,136,135,147,126,101,677,48.31,179
173,110,69,236,214,101,148,48.28,143
367,492,218,187,190,125,79,48.28,158
367,567,218,285,355,212,24,48.24,186
367,567,128,184,115,125,144,48.23,175
367,123,218,145,180,101,778,48.23,167
129,79,187,202,89,88,839,48.23,187
281,567,218,99,105,182,351,48.17,184
287,128,218,139,204,128,205,48.15,157
200,567,218,195,91,161,128,48.11,172
162,441,182,118,189,212,438,48.07,181
142,209,196,129,137,136,179,48.07,178
351,510,202,220,230,161,46,48.06,197
367,567,218,125,112,197,180,48.05,183
111,219,89,179,155,212,328,48.01,162
43,171,176,174,146,264,299,47.98,169
279,277,135,148,173,287,53,47.97,188
196,379,52,130,99,197,415,47.97,106
335,143,218,81,267,212,198,47.96,195
367,567,218,223,170,82,100,47.95,185
71,567,49,191,145,264,269,47.89,176
367,567,80,296,76,234,143,47.85,193
367,42,218,310,257,511,156,47.83,163
338,78,200,289,233,115,153,47.73,200
102,423,218,235,101,115,683,47.73,194
286,186,109,151,178,82,339,47.71,182
195,567,218,110,93,234,160,47.71,221
367,183,218,189,258,125,117,47.67,192
367,418,218,233,251,197,70,47.66,173
367,309,218,71,290,368,106,47.66,206
367,168,218,286,471,368,31,47.6,174
223,163,218,171,194,212,496,47.6,212
250,88,98,222,226,161,150,47.59,196
367,203,218,112,252,368,123,47.56,189
228,91,218,212,161,161,127,47.52,203
367,132,201,204,138,146,421,47.52,199
93,188,172,181,132,234,82,47.5,207
176,179,207,154,172,128,377,47.49,211
184,526,213,163,128,93,433,47.49,201
321,218,143,178,153,146,193,47.46,209
192,56,218,301,227,264,326,47.46,180
367,541,218,126,196,287,129,47.39,218
231,554,218,176,202,146,361,47.36,213
113,421,174,170,192,136,192,47.34,210
218,451,218,119,87,182,230,47.31,224
367,567,218,132,121,234,151,47.31,230
350,348,218,136,281,212,354,47.28,219
147,319,218,226,175,212,255,47.25,214
367,567,218,188,212,146,102,47.25,237
367,225,218,194,317,161,69,47.19,204
367,222,218,192,159,234,365,47.17,229
356,208,131,193,280,146,103,47.15,215
247,567,218,209,113,161,194,47.13,222
193,487,198,232,183,161,310,47.11,232
156,306,145,146,181,368,399,47.1,225
203,567,218,177,142,287,455,47.06,245
296,259,218,168,193,197,186,47.06,233
212,141,159,198,191,212,356,47.05,208
100,479,116,162,356,212,168,47.05,202
315,450,163,206,278,197,613,47.04,231
157,93,155,261,308,212,175,47.04,220
191,185,101,231,154,161,671,47.03,205
289,462,169,165,129,146,511,47.0,1001
367,567,218,185,354,234,281,47.0,250
367,52,218,164,485,812,436,46.97,246
319,117,218,196,187,197,449,46.96,227
86,68,214,215,309,368,256,46.96,198
292,273,218,207,270,182,140,46.95,226
357,238,131,197,359,182,158,46.9,238
367,264,97,283,325,115,236,46.89,191
251,228,218,157,206,182,161,46.89,228
367,567,194,210,185,161,523,46.88,249
367,567,218,314,229,197,315,46.88,239
106,391,168,216,179,287,369,46.85,223
367,567,218,158,102,321,514,46.81,244
257,294,116,217,197,136,871,46.79,168
241,112,218,288,285,128,278,46.79,269
367,192,218,128,269,368,452,46.73,270
367,567,218,258,139,197,385,46.72,263
367,567,218,144,220,264,277,46.72,254
178,567,218,354,200,161,216,46.68,252
252,119,75,279,366,212,327,46.67,286
342,362,218,134,358,234,164,46.61,217
367,288,218,353,335,287,60,46.59,281
367,567,159,300,294,264,736,46.59,257
327,326,94,218,275,197,564,46.58,266
104,126,146,319,236,234,268,46.58,267
367,567,155,257,162,212,337,46.56,274
23,339,218,949,605,812,839,46.55,1002
185,567,218,297,209,182,454,46.54,251
367,334,218,200,184,136,411,46.53,255
151,257,57,359,250,161,553,46.49,190
158,567,218,333,334,161,502,46.47,260
307,300,218,224,224,264,146,46.46,275
283,152,218,201,264,234,181,46.46,271
337,465,152,155,296,197,495,46.43,278
367,233,218,362,338,287,91,46.43,261
367,403,150,264,253,321,206,46.43,240
189,239,218,263,148,161,389,46.42,265
132,267,116,248,199,197,460,46.42,264
202,567,107,230,255,212,213,46.41,253
258,63,218,400,347,182,666,46.4,287
367,47,218,615,542,511,534,46.4,258
367,567,218,251,228,212,366,46.39,310
235,419,218,253,260,234,125,46.38,273
332,290,218,182,216,321,447,46.37,259
331,459,218,175,324,234,792,46.36,272
367,124,218,190,333,234,626,46.34,280
238,560,116,228,238,182,636,46.32,313
211,493,148,244,203,234,257,46.32,262
324,144,218,365,299,264,258,46.31,234
367,398,218,203,298,287,237,46.3,268
51,342,78,549,195,428,249,46.29,236
316,125,218,370,312,264,86,46.29,318
293,512,175,214,168,234,477,46.26,288
367,254,218,161,393,287,221,46.25,292
367,471,131,290,231,321,594,46.24,282
78,65,91,503,739,264,871,46.22,306
110,567,218,294,301,161,506,46.21,248
318,337,135,272,304,234,120,46.21,247
137,142,218,402,346,182,210,46.19,243
367,567,218,229,201,212,871,46.18,305
322,155,218,254,274,264,275,46.18,277
360,314,199,273,207,287,422,46.17,276
367,137,218,280,247,264,384,46.17,284
367,567,218,275,198,212,871,46.14,289
367,498,218,287,282,321,348,46.13,303
31,187,218,680,422,511,358,46.12,294
367,567,218,304,287,428,112,46.12,279
367,567,218,445,376,197,254,46.1,256
367,567,218,322,245,287,308,46.07,295
210,444,116,205,239,161,234,46.05,324
367,470,218,208,348,264,548,46.03,301
273,473,218,227,360,212,528,46.03,308
367,235,218,236,235,368,797,46.0,304
367,567,218,337,284,321,659,45.97,293
367,484,218,338,405,368,105,45.97,322
354,567,218,291,265,234,297,45.96,1003
367,299,185,262,367,146,649,45.95,298
367,200,218,245,416,428,871,45.94,331
326,567,208,281,266,511,364,45.94,299
367,567,218,316,364,287,508,45.94,312
367,460,218,225,256,321,443,45.92,309
367,104,218,313,667,511,131,45.92,242
367,66,218,520,503,321,219,45.92,311
367,412,218,355,625,321,66,45.92,314
94,316,90,266,380,264,405,45.91,290
145,506,218,308,188,321,189,45.89,323
367,567,218,540,538,368,54,45.88,334
367,57,218,584,734,511,871,45.86,283
367,567,218,265,307,234,372,45.84,330
367,80,218,331,493,645,467,45.83,354
165,207,218,278,262,234,456,45.8,335
334,135,218,282,454,321,419,45.8,349
82,172,218,399,369,511,376,45.79,300
367,557,218,267,272,287,816,45.79,325
367,303,218,302,241,287,522,45.79,338
367,359,218,256,466,368,185,45.77,291
95,240,116,368,271,321,301,45.74,155
143,567,144,317,218,234,285,45.73,316
125,116,218,305,330,645,295,45.72,329
367,567,218,427,404,197,871,45.71,321
198,256,218,357,288,368,397,45.7,320
367,567,218,270,205,161,406,45.69,336
367,97,218,557,363,197,386,45.65,332
295,380,214,330,381,264,680,45.64,344
367,567,218,260,263,321,457,45.64,358
367,567,218,478,279,321,871,45.61,333
367,567,218,299,402,234,537,45.61,341
367,77,218,348,934,428,245,45.61,394
270,177,218,292,215,197,458,45.61,216
264,481,218,293,174,428,353,45.59,357
282,546,218,199,219,368,486,45.58,337
219,445,218,234,243,287,465,45.58,340
206,567,179,349,211,146,500,45.58,350
367,106,218,382,408,264,871,45.56,398
367,76,218,578,722,511,645,45.56,347
346,567,218,378,217,161,729,45.55,346
367,567,218,554,476,368,648,45.55,345
367,59,218,635,943,812,625,45.54,328
367,443,218,395,286,287,616,45.54,367
183,387,218,306,276,264,377,45.53,342
367,567,116,375,332,428,642,45.53,359
85,271,218,360,412,368,177,45.52,297
304,567,217,329,249,428,271,45.51,343
197,397,112,430,222,287,442,45.51,326
367,347,186,306,549,321,279,45.51,353
367,567,218,277,379,428,118,45.49,362
367,150,218,383,240,234,474,45.49,235
154,61,218,983,506,812,871,45.48,307
367,567,218,321,328,234,853,45.48,377
130,229,218,373,320,212,294,45.47,319
367,166,218,259,764,511,329,45.47,381
367,237,218,323,401,368,871,45.47,302
367,567,218,386,327,321,320,45.46,352
367,377,218,312,353,287,542,45.44,355
367,567,218,332,357,264,309,45.43,360
367,318,79,531,273,234,596,45.42,404
367,85,218,611,459,321,809,45.42,361
248,204,218,467,302,264,509,45.41,348
367,567,218,284,303,368,381,45.4,393
367,489,218,385,600,287,126,45.4,356
367,261,202,458,293,428,286,45.39,363
367,81,218,668,601,321,690,45.39,364
367,567,218,374,388,321,861,45.37,373
126,500,180,276,350,321,871,45.37,378
367,483,218,325,277,146,445,45.36,366
367,567,218,416,392,287,656,45.36,387
367,330,218,371,576,368,85,45.36,410
367,567,218,443,232,264,839,45.36,405
367,375,218,392,434,428,367,45.33,382
367,567,218,252,874,511,387,45.33,375
66,344,218,376,457,368,330,45.32,327
367,567,218,397,164,428,604,45.31,426
343,139,218,446,310,645,396,45.31,450
367,567,218,352,322,511,527,45.31,388
367,567,218,401,311,321,333,45.3,379
240,72,218,703,763,812,797,45.3,436
367,301,131,334,234,428,298,45.29,296
272,553,218,326,349,511,211,45.29,390
367,567,218,390,305,287,468,45.28,431
367,531,218,320,319,812,568,45.27,391
367,547,218,405,589,511,109,45.27,400
216,213,190,311,342,321,208,45.25,402
367,206,218,240,651,428,871,45.24,411
367,555,218,424,482,321,770,45.22,414
180,567,165,411,374,212,531,45.22,369
367,154,218,271,583,812,174,45.21,399
367,567,218,462,509,645,107,45.2,374
220,338,218,239,452,645,551,45.2,435
367,567,218,473,352,645,272,45.2,376
263,567,61,548,526,321,871,45.2,383
367,501,218,381,386,511,159,45.18,401
367,567,218,469,413,812,678,45.18,452
57,567,218,363,492,428,755,45.17,385
103,181,191,358,510,428,292,45.17,389
367,564,218,339,516,428,104,45.17,384
367,567,218,463,399,368,253,45.16,351
367,282,218,219,626,645,242,45.16,408
245,495,218,380,584,645,95,45.16,380
361,311,218,367,426,428,871,45.16,395
298,361,218,498,424,287,134,45.15,415
367,567,218,295,575,511,197,45.14,437
367,368,218,388,378,287,478,45.14,421
47,250,218,621,574,645,816,45.14,285
262,520,218,238,425,428,731,45.14,418
367,511,218,343,511,368,288,45.14,445
325,140,218,511,490,368,314,45.14,372
367,244,218,241,847,645,375,45.14,475
367,567,218,508,464,212,736,45.13,368
239,153,218,447,648,428,303,45.13,365
367,437,218,213,604,511,538,45.13,457
367,567,98,450,371,264,526,45.13,434
367,258,218,274,612,645,576,45.13,438
146,567,218,393,268,428,871,45.12,433
367,99,218,545,745,645,718,45.12,422
367,567,218,361,343,368,267,45.11,386
308,353,218,495,441,428,152,45.11,407
153,115,218,346,480,645,373,45.1,370
367,224,218,336,403,645,246,45.1,392
367,567,218,507,774,812,83,45.09,406
367,567,218,324,297,368,797,45.09,761
367,567,218,482,418,368,481,45.09,423
242,173,218,418,351,645,489,45.08,451
367,360,218,364,398,234,673,45.08,449
363,350,218,377,377,321,171,45.08,427
312,101,218,901,522,511,760,45.08,488
367,567,218,501,565,812,340,45.08,442
144,567,188,328,520,428,345,45.06,495
367,567,218,303,449,321,190,45.06,453
367,567,218,435,474,368,709,45.04,466
367,426,218,646,729,645,89,45.04,447
367,567,218,633,673,645,93,45.04,429
215,212,218,470,697,645,110,45.03,416
367,430,218,426,431,368,195,45.03,463
367,366,218,522,438,511,713,45.03,446
367,131,218,366,783,511,444,45.02,465
367,266,218,347,620,511,196,45.02,498
367,567,218,386,505,645,155,45.02,474
328,178,218,441,409,428,617,45.02,439
367,297,218,526,439,511,679,45.02,430
168,488,218,369,702,645,149,45.01,412
367,102,218,715,543,511,871,45.0,443
348,90,218,988,818,511,675,44.99,538
367,482,218,420,365,287,712,44.98,456
275,369,218,432,344,368,521,44.96,425
367,332,218,315,537,511,239,44.96,501
367,304,218,391,292,321,530,44.96,486
364,567,218,443,591,511,325,44.96,481
367,567,218,403,465,645,355,44.94,479
367,401,218,398,488,428,147,44.94,440
367,216,218,389,467,368,305,44.94,472
367,364,218,542,382,264,708,44.93,460
336,278,218,335,442,287,427,44.92,483
367,356,218,438,463,368,741,44.92,455
367,416,218,474,419,511,350,44.92,454
89,567,116,559,444,287,724,44.92,371
367,567,218,340,683,511,756,44.92,478
205,174,218,590,472,812,224,44.91,464
367,567,218,612,295,321,839,44.91,516
118,562,150,409,462,428,716,44.91,419
138,221,218,453,494,428,392,44.91,448
367,567,218,480,375,511,774,44.91,491
367,567,218,653,498,428,853,44.9,484
367,230,218,534,316,321,380,44.89,485
367,269,218,431,433,428,493,44.88,506
367,285,218,527,514,511,238,44.88,424
367,184,218,455,618,287,809,44.87,480
367,120,218,550,879,511,871,44.87,396
367,567,135,481,210,511,589,44.87,462
367,236,218,497,676,511,667,44.86,409
301,565,218,599,588,812,113,44.86,539
108,414,218,484,536,321,374,44.86,152
367,567,218,351,341,428,344,44.86,476
367,567,218,580,461,511,482,44.86,1004
367,567,218,423,828,645,184,44.86,528
367,148,218,562,397,368,539,44.85,459
367,563,218,269,478,645,597,44.85,515
274,114,218,784,713,511,861,44.85,489
367,567,218,530,530,428,191,44.84,413
367,567,218,669,888,428,94,44.84,315
367,535,218,433,497,645,510,44.83,510
366,408,218,342,675,428,276,44.83,520
367,567,218,318,387,511,266,44.83,531
299,214,218,614,607,645,233,44.82,417
367,567,218,459,528,368,284,44.82,458
367,435,153,448,213,368,490,44.82,469
367,365,218,704,606,428,871,44.81,470
367,567,218,475,337,368,614,44.81,468
333,167,218,720,786,368,824,44.8,543
367,485,218,434,507,368,250,44.8,497
367,567,218,587,391,428,423,44.8,505
367,567,218,408,496,812,322,44.79,546
367,436,218,421,599,645,370,44.79,493
367,100,218,965,936,812,715,44.79,1005
358,567,210,394,345,812,706,44.79,508
367,138,218,572,877,428,274,44.79,492
367,567,218,490,435,428,731,44.79,557
367,567,218,600,390,511,634,44.78,533
367,415,218,593,460,321,574,44.78,502
367,567,218,454,421,321,853,44.77,517
367,567,218,585,614,645,816,44.77,511
367,567,218,341,415,321,507,44.77,525
266,567,218,451,259,511,513,44.75,532
305,253,162,602,557,511,524,44.75,317
359,567,218,415,423,645,459,44.75,545
367,567,218,824,724,368,615,44.75,490
367,405,218,449,484,511,360,44.74,512
229,248,218,516,491,511,871,44.74,537
367,567,218,576,792,645,139,44.74,629
107,567,218,643,453,645,247,44.73,444
367,231,218,685,370,645,359,44.73,461
367,567,218,350,689,645,624,44.72,571
367,567,218,491,518,511,871,44.72,551
367,567,155,756,446,511,660,44.72,522
367,567,218,485,313,511,584,44.72,530
88,217,135,909,865,645,440,44.72,339
367,432,218,711,585,321,871,44.71,467
367,567,218,457,331,321,603,44.71,536
280,392,218,404,410,645,338,44.71,503
367,567,218,508,851,428,611,44.7,441
367,567,218,429,261,645,727,44.7,608
367,567,218,613,291,645,871,44.7,509
217,295,218,419,553,428,300,44.7,499
367,425,218,417,521,428,207,44.7,496
367,567,218,493,407,287,824,44.7,558
367,567,218,452,545,812,559,44.7,554
367,517,218,594,602,368,244,44.7,471
367,121,218,542,937,511,408,44.7,599
213,567,218,438,693,428,853,44.69,567
367,567,218,476,372,368,861,44.69,550
190,195,218,569,437,428,871,44.68,487
367,147,218,523,943,812,317,44.68,576
367,567,218,466,289,321,515,44.68,549
367,567,218,486,629,511,388,44.68,500
365,567,218,586,318,368,426,44.68,556
367,133,218,764,912,812,658,44.68,649
367,567,218,483,420,511,579,44.67,562
367,567,218,564,306,428,556,44.67,541
367,567,218,505,248,428,665,44.67,572
367,567,218,345,517,511,824,44.65,534
367,400,218,656,653,645,166,44.65,482
367,211,218,412,682,511,871,44.65,635
367,122,218,785,861,812,601,44.64,494
367,567,218,752,622,812,719,44.64,521
367,567,218,773,329,645,270,44.63,547
367,111,218,995,827,812,839,44.63,523
367,232,218,472,569,368,425,44.63,548
204,345,218,517,571,645,409,44.62,477
367,567,218,553,541,428,650,44.62,564
367,567,218,649,394,812,629,44.62,759
367,291,218,464,906,645,816,44.62,588
311,480,218,634,447,645,687,44.61,559
367,567,218,787,594,511,362,44.61,542
367,477,218,575,323,287,744,44.61,540
367,567,218,413,680,511,212,44.61,553
367,567,218,588,546,645,293,44.61,600
367,539,218,440,445,428,579,44.61,580
367,305,218,927,917,812,108,44.61,513
367,567,218,488,556,368,861,44.61,597
367,567,218,414,400,368,546,44.6,566
367,567,218,344,598,812,824,44.6,595
225,567,218,384,468,511,839,44.6,565
367,439,218,596,660,287,401,44.59,593
166,352,218,564,414,368,371,44.59,524
367,293,218,682,681,321,630,44.59,473
260,370,218,622,568,511,342,44.59,552
367,182,218,560,539,645,232,44.59,420
367,567,218,518,567,511,623,44.59,583
367,567,218,610,436,511,498,44.58,586
367,567,218,631,855,511,778,44.58,610
232,252,218,734,428,428,787,44.58,514
367,567,218,573,628,812,576,44.58,643
367,567,218,556,641,645,824,44.57,575
367,567,218,623,406,812,768,44.57,578
367,156,218,816,646,645,746,44.56,544
367,381,218,568,780,511,273,44.56,615
367,424,218,502,647,321,636,44.56,613
367,242,218,486,672,812,413,44.56,568
367,567,218,806,798,812,115,44.56,428
367,567,218,597,836,645,871,44.55,582
367,567,218,410,578,428,787,44.55,585
349,453,204,571,547,812,600,44.54,518
353,567,218,713,315,428,702,44.54,604
367,272,218,436,645,812,576,44.54,672
367,544,218,532,429,511,651,44.54,577
317,223,218,606,469,645,809,44.54,527
367,567,218,504,638,368,839,44.53,626
208,533,218,591,512,812,588,44.53,591
367,420,218,642,373,511,792,44.53,621
367,567,218,618,555,812,220,44.53,691
367,538,218,479,739,264,871,44.53,627
367,176,218,763,762,812,549,44.52,397
367,559,218,425,384,511,518,44.52,612
367,507,218,521,815,645,176,44.52,535
367,567,218,768,719,234,765,44.52,640
367,411,218,688,671,812,187,44.52,594
367,333,218,785,525,368,400,44.52,555
367,567,218,823,544,645,661,44.52,590
367,567,218,468,450,368,792,44.51,592
367,388,218,533,748,812,204,44.51,529
367,567,218,514,336,645,661,44.51,641
367,567,218,792,396,511,839,44.51,645
367,567,218,496,508,428,585,44.5,642
367,265,218,664,385,511,472,44.5,659
155,220,218,605,608,645,566,44.5,504
367,567,218,627,531,511,252,44.5,652
367,567,218,944,840,428,871,44.5,616
367,567,218,860,900,812,114,44.49,778
367,567,218,552,577,645,653,44.49,657
367,567,218,506,477,645,590,44.49,632
367,567,218,436,500,368,556,44.49,625
367,242,218,500,974,812,644,44.49,574
367,567,218,396,773,812,871,44.49,713
367,567,218,672,440,645,336,44.49,633
367,567,218,650,481,511,670,44.48,598
367,567,218,821,631,645,630,44.48,662
367,281,218,733,706,511,251,44.48,570
122,567,218,518,581,812,686,44.48,507
367,567,218,477,750,511,492,44.48,605
367,567,218,721,644,645,448,44.48,589
253,386,218,684,560,645,871,44.48,602
367,567,218,641,756,511,264,44.47,603
367,197,218,969,871,428,792,44.47,639
367,567,218,492,532,511,462,44.47,681
367,534,218,407,362,645,572,44.47,700
367,567,218,470,563,645,290,44.47,619
367,567,218,588,652,287,363,44.46,679
367,567,218,693,623,645,739,44.46,810
367,567,218,616,340,645,809,44.46,630
119,358,218,694,695,511,871,44.45,563
367,406,218,732,611,812,824,44.45,617
367,567,218,658,630,428,871,44.45,655
367,567,218,774,632,428,598,44.45,646
226,567,218,551,383,645,343,44.44,634
367,491,218,544,483,511,736,44.44,620
367,395,218,839,931,428,871,44.44,611
367,529,218,816,747,428,871,44.44,656
367,567,218,678,765,645,871,44.44,669
367,567,218,510,704,511,731,44.44,631
367,536,218,558,984,812,214,44.44,685
367,284,218,669,661,321,621,44.44,596
367,567,218,555,573,428,485,44.44,650
367,457,218,536,455,812,803,44.44,636
344,545,218,696,757,287,824,44.43,688
367,263,218,710,593,812,853,44.43,606
367,476,218,834,708,645,163,44.43,573
367,516,218,592,937,511,691,44.43,678
171,567,218,893,771,645,720,44.43,623
367,514,218,619,582,511,418,44.43,581
367,189,218,898,561,428,749,44.43,587
367,567,218,465,798,645,283,44.43,579
224,567,218,513,527,812,774,44.42,651
367,567,218,664,417,511,469,44.42,638
367,567,218,719,590,511,379,44.42,675
367,567,218,753,787,645,202,44.42,743
367,496,218,570,554,812,723,44.42,628
367,567,218,805,962,234,726,44.41,731
367,567,218,629,558,428,503,44.41,714
367,245,218,800,548,812,484,44.41,670
367,567,218,688,649,812,748,44.41,701
367,422,218,537,534,428,871,44.41,671
367,567,218,356,613,511,627,44.41,683
367,567,218,848,755,645,555,44.41,674
367,307,218,685,760,645,871,44.41,690
367,567,218,687,621,428,499,44.4,673
345,567,218,788,427,368,346,44.4,702
367,567,218,677,715,368,404,44.4,725
367,567,218,701,658,645,403,44.4,654
367,525,218,456,443,812,805,44.4,664
367,567,218,669,744,645,700,44.4,689
367,567,218,662,843,645,756,44.4,708
367,567,218,659,533,321,853,44.4,663
255,567,148,636,470,645,754,44.39,622
367,567,218,705,564,645,871,44.39,676
367,499,218,738,931,428,763,44.39,751
367,262,218,620,513,511,604,44.39,609
243,260,218,754,904,511,871,44.39,667
367,567,218,655,678,645,871,44.38,618
367,567,218,666,779,812,262,44.38,660
114,247,218,915,892,812,871,44.38,561
367,567,218,747,808,321,240,44.38,738
367,567,218,494,929,812,782,44.38,722
367,567,218,707,624,645,871,44.38,732
367,567,218,577,822,428,621,44.38,692
367,448,218,640,473,812,861,44.38,677
367,567,218,654,456,511,772,44.38,737
367,289,218,566,878,428,871,44.37,614
367,567,218,608,803,812,871,44.37,680
367,522,218,679,523,812,668,44.37,706
367,433,218,625,458,511,861,44.37,693
367,567,218,660,830,645,203,44.37,519
367,567,218,512,806,511,480,44.37,705
187,567,218,514,950,511,871,44.37,648
367,567,218,723,395,511,871,44.37,724
116,567,218,563,950,511,871,44.37,833
300,567,218,724,339,428,871,44.37,624
201,567,218,667,499,812,703,44.37,682
367,372,218,535,479,812,503,44.36,697
367,567,218,639,637,511,756,44.36,695
367,567,218,645,519,645,705,44.36,742
367,567,218,537,835,511,525,44.36,740
367,567,126,691,529,812,182,44.36,668
367,383,218,460,865,645,307,44.35,560
367,399,218,727,984,428,463,44.35,715
367,335,218,601,597,812,439,44.35,703
367,567,218,428,686,812,871,44.35,798
367,523,218,603,587,428,571,44.35,729
367,431,218,905,643,287,587,44.35,665
367,567,218,888,714,368,446,44.35,647
271,567,218,864,572,511,871,44.35,717
367,567,218,975,837,645,441,44.35,666
174,503,218,561,848,645,450,44.34,569
367,378,218,742,659,645,560,44.34,687
347,567,218,673,816,428,582,44.34,771
367,201,218,912,785,812,682,44.34,704
367,246,218,718,923,645,592,44.34,637
294,567,218,934,665,511,296,44.33,644
367,355,218,827,895,645,306,44.33,707
121,323,218,895,776,428,871,44.33,1006
367,567,218,930,633,511,641,44.33,694
367,567,218,832,515,645,871,44.33,686
367,567,218,739,562,511,475,44.33,804
367,341,218,743,728,511,871,44.33,788
276,567,218,422,694,511,824,44.33,809
367,567,159,836,824,812,787,44.33,684
367,567,218,852,752,645,871,44.33,721
367,428,218,523,566,645,595,44.32,699
164,464,218,881,700,645,716,44.32,607
367,567,205,657,720,812,532,44.32,712
367,567,218,725,595,812,871,44.32,726
367,340,218,829,904,645,761,44.32,709
367,567,218,632,725,812,633,44.32,763
367,567,218,765,679,645,731,44.32,698
367,343,218,908,721,511,390,44.32,584
367,567,218,680,712,428,437,44.32,658
367,567,218,627,751,812,519,44.31,770
367,567,218,816,684,812,792,44.31,719
367,567,218,837,502,287,871,44.31,750
367,567,218,812,793,645,517,44.31,764
367,440,218,646,875,368,839,44.31,773
367,567,218,778,627,511,611,44.31,711
367,513,218,546,559,511,871,44.31,741
367,567,218,583,890,428,700,44.31,758
367,382,218,782,640,511,394,44.3,716
367,567,218,750,615,812,871,44.3,728
367,371,218,897,524,428,634,44.3,720
367,567,218,528,969,511,569,44.3,816
367,567,218,996,368,645,871,44.3,739
367,324,218,604,746,812,431,44.3,723
367,567,218,921,432,645,805,44.3,733
367,270,218,933,738,812,871,44.3,812
367,567,218,775,504,511,871,44.29,748
306,567,218,957,699,428,871,44.29,1007
367,461,218,637,781,511,218,44.29,834
367,567,218,539,854,812,661,44.29,774
352,567,218,863,635,812,640,44.29,754
367,567,218,869,862,645,382,44.29,744
367,567,218,775,736,812,535,44.29,762
259,472,218,791,670,812,391,44.28,661
367,394,218,699,685,812,639,44.28,718
367,567,218,813,475,511,787,44.28,752
367,567,218,826,782,428,543,44.28,795
367,567,218,661,743,511,654,44.28,785
367,537,218,939,489,645,609,44.28,783
367,567,218,757,617,812,497,44.28,730
181,567,218,489,984,812,871,44.28,749
367,567,192,735,701,645,619,44.28,789
367,417,218,761,974,812,231,44.27,776
367,567,218,986,770,812,473,44.27,760
367,567,218,547,674,645,558,44.27,779
367,567,218,808,791,812,435,44.27,765
367,283,218,630,892,645,809,44.27,815
367,567,218,959,711,645,797,44.27,756
367,567,218,579,664,645,395,44.27,782
367,567,218,868,650,645,453,44.27,777
367,567,218,675,636,645,554,44.27,747
367,567,218,761,839,511,871,44.27,808
367,567,218,835,860,645,368,44.27,734
367,507,218,716,921,511,412,44.27,784
267,279,218,708,891,511,398,44.26,653
367,308,218,529,912,812,552,44.26,790
367,357,218,772,707,812,871,44.26,735
367,567,211,714,487,812,476,44.26,861
330,567,218,573,579,428,620,44.26,755
367,567,218,894,666,511,533,44.26,1008
367,567,218,525,754,511,871,44.26,824
367,567,218,769,570,511,782,44.26,794
341,467,218,794,769,428,581,44.25,796
340,567,218,799,642,645,684,44.25,838
172,567,218,702,790,812,871,44.25,746
367,567,218,767,691,645,782,44.25,799
367,310,218,741,662,511,593,44.25,727
367,427,218,663,806,812,749,44.25,818
285,469,180,697,730,511,871,44.25,802
207,567,218,637,768,812,787,44.25,769
367,567,218,993,586,645,488,44.25,772
367,567,218,541,703,428,479,44.24,803
367,567,218,985,759,645,727,44.24,745
367,567,218,729,619,645,816,44.24,966
367,567,218,948,813,812,766,44.24,828
367,567,218,461,950,511,871,44.24,791
367,331,218,796,943,368,694,44.24,710
367,567,218,712,451,812,505,44.23,797
367,567,218,745,859,812,319,44.23,829
367,567,218,499,883,645,661,44.23,805
367,567,218,794,958,645,643,44.23,814
367,373,218,910,705,645,824,44.23,793
367,567,218,748,984,812,217,44.22,865
367,251,218,938,634,511,797,44.22,939
367,567,218,706,819,645,428,44.22,821
367,567,218,838,928,812,331,44.22,768
367,567,218,842,552,511,607,44.22,800
367,543,218,580,668,511,520,44.22,866
302,567,218,743,814,511,583,44.22,843
367,567,218,758,592,812,805,44.21,841
367,550,218,847,753,511,871,44.21,871
256,567,218,740,761,645,529,44.21,811
367,567,218,853,820,511,752,44.21,839
367,287,218,859,772,812,567,44.21,806
160,567,218,974,580,428,871,44.21,780
367,567,218,973,793,368,871,44.21,853
367,567,218,854,829,812,766,44.21,825
367,429,218,846,698,428,824,44.21,847
367,567,218,760,910,511,739,44.21,845
367,504,218,825,958,645,229,44.2,787
367,567,218,783,912,812,628,44.2,877
367,527,218,827,501,645,770,44.2,836
367,567,218,1000,927,645,871,44.2,892
362,567,218,700,722,812,414,44.2,792
367,407,218,947,596,511,674,44.2,753
367,567,218,810,805,812,824,44.2,823
367,567,218,888,948,645,241,44.2,601
367,390,218,981,974,812,685,44.19,766
367,567,218,851,737,645,573,44.19,827
367,519,218,843,766,511,824,44.19,903
367,567,218,942,788,812,536,44.19,830
290,567,218,952,692,645,393,44.19,781
161,567,218,857,833,645,332,44.19,775
367,454,218,691,888,812,407,44.19,757
367,475,218,781,789,812,871,44.19,856
367,567,218,803,933,511,347,44.19,819
367,567,218,979,784,812,464,44.19,767
254,567,218,814,881,645,871,44.19,826
367,567,218,648,735,812,541,44.19,870
367,234,218,934,950,812,871,44.19,807
367,567,184,872,687,511,654,44.19,880
367,567,218,746,657,812,608,44.18,848
261,438,218,822,610,812,805,44.18,736
367,567,218,887,886,645,839,44.18,868
367,468,218,750,942,645,871,44.18,900
244,567,218,992,710,812,561,44.18,820
367,567,218,771,899,812,871,44.18,849
367,567,218,922,663,645,618,44.18,850
367,567,218,855,741,812,714,44.17,882
367,532,218,870,732,428,769,44.17,890
367,567,218,651,535,645,494,44.17,883
367,567,218,840,801,812,550,44.17,851
367,567,218,989,907,645,259,44.17,970
367,567,218,877,727,511,638,44.17,884
367,567,218,971,876,812,416,44.17,786
367,567,218,990,917,645,470,44.17,860
367,456,218,729,709,428,742,44.17,842
367,567,218,796,991,645,871,44.17,855
367,567,218,617,726,812,601,44.16,896
367,567,218,814,669,812,871,44.16,933
367,567,218,788,845,812,466,44.16,832
367,567,218,882,656,645,871,44.16,891
367,354,218,777,802,812,591,44.16,831
367,315,218,759,974,812,698,44.16,907
367,567,218,766,958,812,630,44.16,875
367,561,218,690,929,812,585,44.16,859
246,567,218,896,550,511,746,44.16,822
249,320,218,779,962,812,871,44.16,696
367,567,218,844,654,511,871,44.15,909
367,567,218,904,848,368,871,44.15,912
367,567,218,942,984,812,209,44.15,837
367,524,218,754,495,645,839,44.15,889
367,567,218,626,486,812,710,44.15,887
367,255,218,856,841,812,570,44.15,1009
367,567,218,651,551,645,647,44.15,906
367,302,218,914,974,812,871,44.15,1010
367,528,218,936,943,321,304,44.15,813
367,458,218,941,677,812,721,44.14,817
367,567,218,582,696,812,761,44.14,917
367,567,218,982,868,812,287,44.14,869
367,463,218,919,950,812,871,44.14,886
268,567,218,695,897,645,669,44.14,921
150,567,218,675,775,812,657,44.14,878
140,346,209,964,900,645,424,44.14,1011
367,567,218,962,812,812,501,44.14,862
323,374,218,977,690,812,729,44.14,835
367,567,218,883,850,812,809,44.14,885
367,486,218,709,974,812,853,44.14,935
367,567,218,840,616,812,599,44.13,895
367,567,218,899,825,645,575,44.13,867
367,567,218,906,962,812,356,44.13,905
367,567,218,609,716,645,692,44.13,932
367,567,218,950,797,812,610,44.13,863
367,567,218,913,853,812,676,44.13,913
367,518,218,916,903,428,871,44.13,908
367,567,218,956,717,645,695,44.13,888
367,558,218,928,639,428,752,44.13,1012
367,567,218,875,984,812,871,44.13,926
367,567,218,888,810,812,871,44.13,864
367,298,218,952,921,812,871,44.13,801
367,567,218,966,767,812,803,44.12,876
367,349,218,959,609,511,545,44.12,858
367,509,218,923,777,511,782,44.12,854
367,567,218,873,821,511,698,44.12,918
367,567,218,769,991,812,871,44.12,976
367,567,218,917,731,812,606,44.12,874
367,567,218,682,923,645,871,44.12,938
367,313,218,802,892,645,871,44.12,852
367,567,218,598,991,812,823,44.12,893
367,567,218,957,718,511,853,44.12,1013
367,567,218,606,941,812,763,44.12,898
367,567,218,903,826,812,724,44.12,872
367,367,218,807,688,812,871,44.12,894
355,567,218,736,842,645,871,44.12,914
367,567,218,940,900,645,871,44.12,927
367,515,218,849,991,428,735,44.11,904
367,452,218,674,912,645,744,44.11,943
367,567,218,879,910,812,871,44.11,911
367,325,218,906,882,511,430,44.1,840
367,567,218,643,958,812,383,44.1,915
367,567,218,820,896,645,816,44.1,953
367,442,218,910,838,812,706,44.1,844
367,567,218,850,816,812,311,44.1,881
367,567,218,833,920,812,871,44.1,1014
367,478,218,731,939,645,871,44.1,857
367,567,218,717,796,645,871,44.1,897
367,497,218,697,800,812,772,44.1,929
367,567,218,920,871,645,563,44.09,902
367,567,218,899,540,812,491,44.09,923
367,474,218,945,870,511,703,44.09,879
367,494,218,946,603,511,749,44.09,1015
367,552,218,749,884,812,417,44.09,940
367,567,218,967,974,812,681,44.09,930
367,567,218,722,948,812,774,44.09,925
367,567,218,931,742,645,871,44.09,910
367,567,218,891,873,812,871,44.09,946
367,409,218,798,947,645,861,44.09,922
367,505,218,951,844,511,693,44.08,873
367,413,218,790,940,812,871,44.08,899
367,556,218,808,969,812,323,44.08,941
367,351,218,566,962,812,871,44.08,947
367,384,218,862,935,812,778,44.08,945
367,521,218,994,851,812,689,44.08,924
367,567,218,918,880,812,451,44.08,1016
367,567,218,884,908,812,565,44.08,931
367,567,218,970,991,645,839,44.07,1017
367,567,218,931,957,812,871,44.07,934
367,336,218,793,897,812,688,44.07,846
367,567,218,865,962,645,871,44.07,956
367,567,218,737,809,645,721,44.07,942
367,567,218,725,962,645,871,44.07,959
367,567,218,972,831,812,697,44.07,936
367,567,218,955,923,368,645,44.07,971
367,567,218,929,923,645,871,44.07,983
367,567,218,998,793,645,871,44.06,977
367,567,218,801,758,812,782,44.06,955
367,567,218,867,864,511,871,44.06,954
367,567,218,875,832,511,871,44.06,965
367,567,218,866,950,645,871,44.06,961
367,567,218,727,973,645,871,44.06,950
367,312,218,871,732,812,861,44.06,901
367,567,218,877,811,812,871,44.06,973
367,567,218,999,448,645,562,44.06,949
367,446,218,984,887,812,824,44.06,974
367,567,218,923,917,812,871,44.06,968
367,567,218,880,912,645,349,44.06,1018
367,396,218,954,974,812,871,44.05,919
367,410,218,976,778,645,318,44.05,1019
367,567,218,885,857,812,839,44.05,1020
367,567,218,780,950,812,512,44.05,985
367,567,218,967,884,645,544,44.05,948
367,567,218,923,984,812,871,44.05,952
367,567,218,991,868,812,778,44.05,963
367,529,218,892,863,812,516,44.05,944
367,567,218,804,749,645,871,44.04,982
367,434,218,902,991,812,871,44.04,928
367,567,218,858,991,812,672,44.04,981
167,567,218,819,858,645,871,44.04,916
237,567,218,845,804,645,871,44.04,957
367,567,218,874,855,812,871,44.04,1021
367,567,218,987,969,645,871,44.04,958
367,567,218,980,991,812,809,44.04,979
367,567,218,959,991,812,871,44.04,1022
367,542,218,830,974,812,434,44.03,980
367,540,218,962,865,645,774,44.03,967
367,327,218,937,962,812,861,44.03,1023
367,567,218,811,969,511,756,44.03,972
367,449,218,595,430,645,839,44.03,992
367,567,218,926,845,812,816,44.03,962
236,566,218,997,908,645,871,44.03,951
367,549,218,830,823,812,824,44.03,964
367,567,218,886,974,812,651,44.02,937
367,567,218,861,991,812,547,44.02,975
